DeltariSeglingCtr,DeltariRegistrerandeKrets,DeltariFNDeltagare,DeltariFNSegling,DeltariSkipperGastqq,DeltariFNSkipperGast
1,"Stockholm",1,1,,2
2,"Stockholm",2,2,,2
3,"Stockholm",3,3,,2
5,"Stockholm",5,5,,2
6,"Stockholm",6,6,,2
7,"Stockholm",7,7,,2
8,"Stockholm",8,8,,2
9,"Stockholm",9,9,,2
10,"Stockholm",10,10,,2
11,"Stockholm",11,11,,2
12,"Stockholm",12,12,,2
13,"Stockholm",4,13,,2
14,"Stockholm",13,14,,2
15,"Stockholm",14,15,,2
16,"Stockholm",15,16,,2
17,"Stockholm",16,17,,2
18,"Stockholm",17,18,,2
19,"Stockholm",18,19,,2
20,"Stockholm",19,20,,2
21,"Stockholm",20,21,,2
22,"Stockholm",21,22,,2
23,"Stockholm",22,23,,2
24,"Stockholm",23,24,,2
25,"Stockholm",24,25,,2
26,"Stockholm",25,26,,2
27,"Stockholm",26,27,,2
28,"Stockholm",27,28,,2
29,"Stockholm",28,29,,2
30,"Stockholm",29,30,,2
31,"Stockholm",30,31,,2
32,"Stockholm",31,32,,2
33,"Stockholm",32,33,,2
34,"Stockholm",33,34,,2
35,"Stockholm",34,35,,2
36,"Stockholm",35,36,,2
37,"Stockholm",36,37,,2
38,"Stockholm",37,38,,2
39,"Stockholm",38,39,,2
40,"Stockholm",39,40,,2
41,"Stockholm",40,41,,2
42,"Stockholm",41,42,,2
43,"Stockholm",42,43,,2
44,"Stockholm",43,44,,2
45,"Stockholm",44,45,,2
46,"Stockholm",45,46,,2
47,"Stockholm",46,47,,2
48,"Stockholm",47,48,,2
49,"Stockholm",48,49,,2
50,"Stockholm",49,50,,2
51,"Stockholm",50,51,,2
52,"Stockholm",51,52,,2
53,"Stockholm",52,53,,2
54,"Stockholm",53,54,,2
55,"Stockholm",54,55,,2
56,"Stockholm",55,56,,2
57,"Stockholm",56,57,,2
58,"Stockholm",57,58,,2
59,"Stockholm",58,59,,2
60,"Stockholm",59,60,,2
61,"Stockholm",60,61,,2
62,"Stockholm",62,62,,2
64,"Stockholm",63,63,,2
65,"Stockholm",64,64,,2
66,"Stockholm",65,65,,2
67,"Stockholm",66,66,,2
68,"Stockholm",67,67,,2
69,"Stockholm",68,68,,2
70,"Stockholm",69,69,,2
71,"Stockholm",70,70,,2
72,"Stockholm",71,71,,2
73,"Stockholm",72,72,,2
74,"Stockholm",73,73,,2
75,"Stockholm",74,74,,2
76,"Stockholm",75,75,,2
77,"Stockholm",76,76,,2
78,"Stockholm",77,77,,2
79,"Stockholm",78,78,,2
80,"Stockholm",79,79,,2
81,"Stockholm",80,80,,2
82,"Stockholm",81,81,,2
83,"Stockholm",82,82,,2
84,"Stockholm",83,83,,2
85,"Stockholm",84,84,,2
86,"Stockholm",85,85,,2
87,"Stockholm",86,86,,2
88,"Stockholm",87,87,,2
89,"Stockholm",88,88,,2
90,"Stockholm",89,89,,2
91,"Stockholm",90,90,,2
92,"Stockholm",91,91,,2
93,"Stockholm",92,92,,2
94,"Stockholm",93,93,,2
95,"Stockholm",94,94,,2
96,"Stockholm",95,95,,2
97,"Stockholm",102,96,,2
98,"Stockholm",103,97,,2
99,"Stockholm",104,98,,2
100,"Stockholm",105,99,,2
101,"Stockholm",106,100,,2
103,"Stockholm",108,102,,2
104,"Stockholm",109,103,,2
109,"Stockholm",113,108,,2
110,"Stockholm",114,109,,2
112,"Stockholm",116,111,,2
116,"Stockholm",120,115,,2
118,"Stockholm",,68,,1
119,"Stockholm",,68,,1
120,"Stockholm",103,68,,1
122,"Stockholm",106,68,,1
124,"Stockholm",122,117,,2
125,"Stockholm",112,27,,1
126,"Stockholm",111,27,,1
127,"Stockholm",110,76,,1
128,"Stockholm",121,95,,1
129,"Stockholm",96,118,,2
130,"Stockholm",15,118,,1
131,"Stockholm",102,93,,1
132,"Stockholm",107,35,,1
133,"Stockholm",115,56,,1
134,"Stockholm",116,56,,1
135,"Stockholm",117,56,,1
136,"Stockholm",100,119,,2
137,"Stockholm",61,120,,2
138,"Stockholm",113,83,,1
139,"Stockholm",114,83,,1
140,"Stockholm",97,6,,1
141,"Stockholm",99,121,,2
142,"Stockholm",118,19,,1
143,"Stockholm",119,19,,1
224,"Stockholm",164,122,,2
225,"Stockholm",166,123,,2
226,"Stockholm",156,124,,2
227,"Stockholm",2,125,,2
228,"Stockholm",3,126,,2
229,"Stockholm",171,127,,2
230,"Stockholm",135,128,,2
231,"Stockholm",7,129,,2
232,"Stockholm",141,130,,2
233,"Stockholm",132,131,,2
234,"Stockholm",4,132,,2
235,"Stockholm",11,133,,2
236,"Stockholm",159,134,,2
237,"Stockholm",142,135,,2
238,"Stockholm",13,136,,2
239,"Stockholm",122,137,,2
240,"Stockholm",165,138,,2
241,"Stockholm",18,139,,2
242,"Stockholm",172,140,,2
243,"Stockholm",147,141,,2
244,"Stockholm",163,142,,2
245,"Stockholm",22,143,,2
246,"Stockholm",160,144,,2
247,"Stockholm",24,145,,2
248,"Stockholm",151,146,,2
249,"Stockholm",26,147,,2
250,"Stockholm",27,148,,2
251,"Stockholm",139,149,,2
252,"Stockholm",29,150,,2
253,"Stockholm",158,151,,2
254,"Stockholm",33,152,,2
255,"Stockholm",143,153,,2
256,"Stockholm",134,154,,2
257,"Stockholm",167,155,,2
258,"Stockholm",173,156,,2
259,"Stockholm",144,157,,2
260,"Stockholm",130,158,,2
261,"Stockholm",155,159,,2
262,"Stockholm",44,160,,2
263,"Stockholm",45,161,,2
264,"Stockholm",131,162,,2
265,"Stockholm",162,163,,2
266,"Stockholm",137,164,,2
267,"Stockholm",53,165,,2
268,"Stockholm",54,166,,2
269,"Stockholm",56,167,,2
270,"Stockholm",58,168,,2
271,"Stockholm",170,169,,2
272,"Stockholm",152,170,,2
273,"Stockholm",61,171,,2
274,"Stockholm",174,172,,2
275,"Stockholm",65,173,,2
276,"Stockholm",66,174,,2
277,"Stockholm",14,175,,2
278,"Stockholm",146,176,,2
279,"Stockholm",69,177,,2
280,"Stockholm",73,178,,2
281,"Stockholm",107,179,,2
282,"Stockholm",75,180,,2
283,"Stockholm",50,181,,2
284,"Stockholm",145,182,,2
285,"Stockholm",125,183,,2
286,"Stockholm",140,184,,2
287,"Stockholm",175,185,,2
288,"Stockholm",133,186,,2
289,"Stockholm",154,187,,2
290,"Stockholm",129,188,,2
291,"Stockholm",91,189,,2
292,"Stockholm",92,190,,2
293,"Stockholm",123,191,,2
294,"Stockholm",138,192,,2
295,"Stockholm",110,193,,2
296,"Stockholm",161,194,,2
297,"Stockholm",157,195,,2
298,"Stockholm",126,196,,2
299,"Stockholm",,169,,1
300,"Stockholm",168,169,,1
301,"Stockholm",169,169,,1
302,"Stockholm",21,128,,1
303,"Stockholm",111,147,,1
304,"Stockholm",76,193,,1
305,"Stockholm",34,179,,1
306,"Stockholm",124,197,,2
307,"Stockholm",124,187,,1
308,"Stockholm",180,198,,2
309,"Stockholm",181,199,,2
314,"Stockholm",55,203,,2
318,"Stockholm",184,207,,2
319,"Stockholm",78,208,,2
323,"Stockholm",22,212,,2
325,"Stockholm",187,214,,2
326,"Stockholm",88,215,,2
328,"Stockholm",25,217,,2
330,"Stockholm",189,219,,2
331,"Stockholm",14,220,,2
332,"Stockholm",21,221,,2
337,"Stockholm",60,226,,2
338,"Stockholm",191,227,,2
339,"Stockholm",19,228,,2
340,"Stockholm",9,229,,2
341,"Stockholm",4,230,,2
342,"Stockholm",73,231,,2
343,"Stockholm",193,232,,2
344,"Stockholm",194,233,,2
345,"Stockholm",89,234,,2
346,"Stockholm",195,235,,2
347,"Stockholm",65,236,,2
348,"Stockholm",41,237,,2
349,"Stockholm",6,238,,2
350,"Stockholm",125,239,,2
351,"Stockholm",92,240,,2
352,"Stockholm",176,241,,2
354,"Stockholm",196,242,,2
355,"Stockholm",81,243,,2
356,"Stockholm",30,244,,2
357,"Stockholm",95,245,,2
358,"Stockholm",18,246,,2
359,"Stockholm",82,247,,2
360,"Stockholm",27,248,,2
361,"Stockholm",197,249,,2
362,"Stockholm",198,250,,2
363,"Stockholm",10,251,,2
364,"Stockholm",83,252,,2
366,"Stockholm",185,254,,2
367,"Stockholm",171,255,,2
368,"Stockholm",96,256,,2
369,"Stockholm",199,257,,2
370,"Stockholm",135,258,,2
371,"Stockholm",201,259,,2
372,"Stockholm",33,260,,2
373,"Stockholm",136,261,,2
375,"Stockholm",137,263,,2
376,"Stockholm",182,264,,2
377,"Stockholm",45,265,,2
378,"Stockholm",69,266,,2
380,"Stockholm",54,268,,2
381,"Stockholm",7,269,,2
383,"Stockholm",3,271,,2
385,"Stockholm",202,272,,2
386,"Stockholm",203,273,,2
387,"Stockholm",139,274,,2
388,"Stockholm",204,275,,2
390,"Stockholm",11,277,,2
391,"Stockholm",206,278,,2
392,"Stockholm",207,279,,2
393,"Stockholm",208,280,,2
394,"Stockholm",100,281,,2
395,"Stockholm",48,282,,2
396,"Stockholm",209,283,,2
397,"Stockholm",118,284,,2
398,"Stockholm",210,285,,2
399,"Stockholm",86,286,,2
400,"Stockholm",145,287,,2
401,"Stockholm",211,288,,2
402,"Stockholm",29,289,,2
403,"Stockholm",2,290,,2
404,"Stockholm",67,291,,2
405,"Stockholm",62,292,,2
406,"Stockholm",77,293,,2
407,"Stockholm",212,294,,2
408,"Stockholm",91,295,,2
409,"Stockholm",213,296,,2
410,"Stockholm",87,297,,2
411,"Stockholm",214,298,,2
412,"Stockholm",94,299,,2
413,"Stockholm",215,300,,2
414,"Stockholm",107,301,,2
415,"Stockholm",216,302,,2
416,"Stockholm",72,303,,2
417,"Stockholm",117,304,,2
419,"Stockholm",42,306,,2
420,"Stockholm",20,307,,2
421,"Stockholm",13,308,,2
422,"Stockholm",217,309,,2
423,"Stockholm",5,310,,2
424,"Stockholm",218,311,,2
425,"Stockholm",152,312,,2
426,"Stockholm",153,313,,2
429,"Stockholm",49,316,,2
430,"Stockholm",219,317,,2
431,"Stockholm",220,318,,2
432,"Stockholm",53,319,,2
433,"Stockholm",188,320,,2
434,"Stockholm",71,321,,2
435,"Stockholm",221,322,,2
436,"Stockholm",34,323,,2
438,"Stockholm",160,325,,2
439,"Stockholm",26,326,,2
440,"Stockholm",173,327,,2
441,"Stockholm",31,328,,2
442,"Stockholm",222,329,,2
443,"Stockholm",223,330,,2
444,"Stockholm",76,331,,2
445,"Stockholm",224,332,,2
446,"Stockholm",225,333,,2
449,"Stockholm",226,336,,2
451,"Stockholm",97,338,,2
452,"Stockholm",74,339,,2
453,"Stockholm",228,340,,2
454,"Stockholm",114,341,,2
455,"Stockholm",75,342,,2
456,"Stockholm",172,343,,2
457,"Stockholm",230,344,,2
458,"Stockholm",38,345,,2
459,"Stockholm",46,346,,2
460,"Stockholm",37,347,,2
462,"Stockholm",190,349,,2
464,"Stockholm",227,351,,2
465,"Stockholm",229,352,,2
466,"Stockholm",44,353,,2
468,"Stockholm",233,355,,2
469,"Stockholm",132,356,,2
470,"Stockholm",166,357,,2
471,"Stockholm",51,358,,2
472,"Stockholm",234,359,,2
473,"Stockholm",23,360,,2
474,"Stockholm",112,361,,2
475,"Stockholm",122,362,,2
477,"Stockholm",80,363,,2
478,"Stockholm",164,364,,2
479,"Stockholm",235,365,,2
482,"Stockholm",238,368,,2
483,"Stockholm",239,369,,2
484,"Stockholm",240,370,,2
485,"Stockholm",237,371,,2
486,"Stockholm",236,372,,2
487,"Stockholm",58,373,,2
488,"Stockholm",,232,,1
489,"Stockholm",97,238,,1
490,"Stockholm",61,349,,1
491,"Stockholm",236,207,,1
492,"Stockholm",237,207,,1
493,"Stockholm",235,207,,1
494,"Stockholm",222,303,,1
495,"Stockholm",,232,,1
496,"Stockholm",228,333,,1
497,"Stockholm",197,333,,1
499,"Stockholm",23,325,,1
500,"Stockholm",205,232,,1
501,"Stockholm",34,301,,1
502,"Stockholm",110,331,,1
503,"Stockholm",196,254,,1
505,"Stockholm",208,278,,1
506,"Stockholm",242,233,,1
507,"Stockholm",121,245,,1
508,"Stockholm",153,312,,1
509,"Stockholm",151,374,,2
510,"Stockholm",122,375,,2
511,"Stockholm",55,376,,2
512,"Stockholm",80,377,,2
513,"Stockholm",44,378,,2
514,"Stockholm",159,379,,2
515,"Stockholm",243,380,,2
516,"Stockholm",244,381,,2
517,"Stockholm",125,382,,2
518,"Stockholm",54,383,,2
519,"Stockholm",158,384,,2
520,"Stockholm",22,385,,2
521,"Stockholm",2,386,,2
522,"Stockholm",162,387,,2
523,"Stockholm",195,388,,2
524,"Stockholm",130,389,,2
525,"Stockholm",156,390,,2
526,"Stockholm",135,391,,2
527,"Stockholm",21,392,,2
530,"Stockholm",14,395,,2
531,"Stockholm",13,396,,2
532,"Stockholm",53,397,,2
533,"Stockholm",69,398,,2
534,"Stockholm",248,399,,2
535,"Stockholm",217,400,,2
536,"Stockholm",64,401,,2
538,"Stockholm",66,403,,2
539,"Stockholm",138,404,,2
540,"Stockholm",4,405,,2
541,"Stockholm",92,406,,2
542,"Stockholm",123,407,,2
543,"Stockholm",56,408,,2
544,"Stockholm",29,409,,2
547,"Stockholm",173,412,,2
548,"Stockholm",249,413,,2
549,"Stockholm",33,414,,2
550,"Stockholm",252,415,,2
551,"Stockholm",102,416,,2
552,"Stockholm",34,417,,2
553,"Stockholm",166,418,,2
554,"Stockholm",253,419,,2
555,"Stockholm",155,420,,2
556,"Stockholm",256,421,,2
557,"Stockholm",157,422,,2
558,"Stockholm",45,423,,2
559,"Stockholm",91,424,,2
560,"Stockholm",50,425,,2
561,"Stockholm",258,426,,2
562,"Stockholm",259,427,,2
563,"Stockholm",260,428,,2
564,"Stockholm",126,429,,2
567,"Stockholm",144,431,,2
568,"Stockholm",181,432,,2
569,"Stockholm",67,433,,2
570,"Stockholm",165,434,,2
571,"Stockholm",145,435,,2
572,"Stockholm",205,436,,2
574,"Stockholm",137,438,,2
575,"Stockholm",262,439,,2
576,"Stockholm",65,440,,2
577,"Stockholm",90,441,,2
578,"Stockholm",163,442,,2
579,"Stockholm",263,443,,2
580,"Stockholm",164,444,,2
581,"Stockholm",188,445,,2
582,"Stockholm",132,446,,2
583,"Stockholm",72,447,,2
584,"Stockholm",175,448,,2
585,"Stockholm",264,449,,2
586,"Stockholm",133,450,,2
587,"Stockholm",245,451,,2
588,"Stockholm",30,452,,2
589,"Stockholm",265,453,,2
590,"Stockholm",261,454,,2
591,"Stockholm",3,455,,2
592,"Stockholm",111,456,,2
593,"Stockholm",100,457,,2
594,"Stockholm",116,458,,2
595,"Stockholm",115,459,,2
597,"Stockholm",266,461,,2
598,"Stockholm",26,462,,2
599,"Stockholm",267,463,,2
601,"Stockholm",268,465,,2
603,"Stockholm",269,467,,2
604,"Stockholm",255,468,,2
605,"Stockholm",247,469,,2
606,"Stockholm",271,470,,2
607,"Stockholm",200,471,,2
608,"Stockholm",270,472,,2
609,"Stockholm",7,473,,2
610,"Stockholm",246,391,,1
611,"Stockholm",247,391,,1
612,"Stockholm",136,391,,1
613,"Stockholm",21,391,,1
614,"Stockholm",26,456,,1
615,"Stockholm",193,436,,1
616,"Stockholm",266,436,,1
617,"Stockholm",267,436,,1
618,"Stockholm",268,436,,1
620,"Stockholm",107,417,,1
621,"Stockholm",,376,,1
622,"Stockholm",117,376,,1
623,"Stockholm",115,376,,1
624,"Stockholm",116,376,,1
625,"Stockholm",177,475,,2
627,"Stockholm",176,420,,1
628,"Stockholm",177,420,,1
629,"Stockholm",178,420,,1
630,"Stockholm",269,421,,1
631,"Stockholm",255,421,,1
633,"Stockholm",89,478,,2
634,"Stockholm",6,479,,2
635,"Stockholm",91,480,,2
636,"Stockholm",125,481,,2
637,"Stockholm",227,482,,2
638,"Stockholm",92,483,,2
639,"Stockholm",5,484,,2
640,"Stockholm",165,485,,2
641,"Stockholm",410,486,,2
642,"Stockholm",145,487,,2
643,"Stockholm",67,488,,2
2248,"Stockholm",914,1612,,2
2249,"Stockholm",746,1613,,2
644,"Stockholm",100,489,,2
646,"Stockholm",12,491,,2
648,"Stockholm",30,493,,2
649,"Stockholm",90,494,,2
650,"Stockholm",34,495,,2
652,"Stockholm",81,497,,2
653,"Stockholm",16,498,,2
654,"Stockholm",486,499,,2
655,"Stockholm",64,500,,2
656,"Stockholm",75,501,,2
657,"Stockholm",58,502,,2
658,"Stockholm",3,503,,2
659,"Stockholm",62,504,,2
660,"Stockholm",224,505,,2
661,"Stockholm",29,506,,2
662,"Stockholm",122,507,,2
664,"Stockholm",160,509,,2
665,"Stockholm",44,510,,2
666,"Stockholm",14,511,,2
667,"Stockholm",20,512,,2
668,"Stockholm",181,513,,2
669,"Stockholm",230,514,,2
670,"Stockholm",37,515,,2
671,"Stockholm",69,516,,2
672,"Stockholm",78,517,,2
673,"Stockholm",55,518,,2
674,"Stockholm",271,519,,2
675,"Stockholm",60,520,,2
677,"Stockholm",132,522,,2
678,"Stockholm",147,523,,2
679,"Stockholm",72,524,,2
680,"Stockholm",7,525,,2
681,"Stockholm",42,526,,2
682,"Stockholm",74,527,,2
683,"Stockholm",423,528,,2
684,"Stockholm",,,,1
685,"Stockholm",117,,,1
686,"Stockholm",117,,,1
687,"Stockholm",117,,,1
693,"Stockholm",54,531,,2
694,"Stockholm",513,532,,2
695,"Stockholm",45,533,,2
696,"Stockholm",66,534,,2
697,"Stockholm",95,535,,2
698,"Stockholm",244,536,,2
699,"Stockholm",61,537,,2
700,"Stockholm",33,538,,2
701,"Stockholm",22,539,,2
702,"Stockholm",31,540,,2
703,"Stockholm",4,541,,2
705,"Stockholm",19,543,,2
706,"Stockholm",9,544,,2
707,"Stockholm",515,545,,2
708,"Stockholm",516,546,,2
709,"Stockholm",195,547,,2
710,"Stockholm",520,548,,2
711,"Stockholm",521,549,,2
712,"Stockholm",256,550,,2
713,"Stockholm",18,551,,2
715,"Stockholm",524,553,,2
716,"Stockholm",525,554,,2
717,"Stockholm",526,555,,2
718,"Stockholm",529,556,,2
719,"Stockholm",532,557,,2
720,"Stockholm",531,558,,2
721,"Stockholm",533,559,,2
722,"Stockholm",534,560,,2
725,"Stockholm",52,563,,2
727,"Stockholm",48,565,,2
728,"Stockholm",537,566,,2
729,"Stockholm",538,567,,2
730,"Stockholm",539,568,,2
731,"Stockholm",541,569,,2
733,"Stockholm",545,571,,2
734,"Stockholm",547,572,,2
735,"Stockholm",548,573,,2
736,"Stockholm",549,574,,2
737,"Stockholm",550,575,,2
738,"Stockholm",219,576,,2
739,"Stockholm",551,577,,2
741,"Stockholm",553,579,,2
742,"Stockholm",556,580,,2
743,"Stockholm",557,581,,2
744,"Stockholm",163,582,,2
745,"Stockholm",558,583,,2
746,"Stockholm",559,584,,2
747,"Stockholm",560,585,,2
749,"Stockholm",562,587,,2
750,"Stockholm",563,588,,2
751,"Stockholm",564,589,,2
752,"Stockholm",565,590,,2
753,"Stockholm",566,591,,2
754,"Stockholm",567,592,,2
755,"Stockholm",185,593,,2
756,"Stockholm",86,594,,2
757,"Stockholm",512,595,,2
758,"Stockholm",514,596,,2
768,"Stockholm",76,600,,2
773,"Stockholm",568,601,,2
774,"Stockholm",164,602,,2
775,"Stockholm",523,603,,2
776,"Stockholm",544,604,,2
777,"Stockholm",552,605,,2
778,"Stockholm",196,593,,1
781,"Stockholm",517,574,,1
782,"Stockholm",561,574,,1
783,"Stockholm",182,608,,2
784,"Stockholm",110,600,,1
786,"Stockholm",115,518,,1
787,"Stockholm",116,518,,1
789,"Stockholm",540,610,,2
790,"Stockholm",569,611,,2
791,"Stockholm",13,612,,2
793,"Stockholm",210,614,,2
794,"Stockholm",23,615,,2
795,"Stockholm",554,616,,2
796,"Stockholm",542,617,,2
797,"Stockholm",519,618,,2
798,"Stockholm",196,619,,2
800,"Stockholm",528,621,,2
801,"Stockholm",555,622,,2
802,"Stockholm",97,623,,2
803,"Stockholm",26,624,,2
804,"Stockholm",522,625,,2
808,"Stockholm",518,629,,2
809,"Stockholm",527,630,,2
810,"Stockholm",530,631,,2
811,"Stockholm",535,563,,1
812,"Stockholm",536,563,,1
813,"Stockholm",97,479,,1
814,"Stockholm",118,551,,1
815,"Stockholm",210,551,,1
816,"Stockholm",519,576,,1
817,"Stockholm",23,509,,1
818,"Stockholm",107,495,,1
819,"Stockholm",540,577,,1
820,"Stockholm",569,595,,1
821,"Stockholm",13,553,,1
822,"Stockholm",554,579,,1
823,"Stockholm",542,555,,1
824,"Stockholm",555,536,,1
825,"Stockholm",522,589,,1
826,"Stockholm",111,589,,1
827,"Stockholm",26,589,,1
828,"Stockholm",518,580,,1
829,"Stockholm",527,580,,1
830,"Stockholm",530,580,,1
831,"Stockholm",164,632,,2
832,"Stockholm",47,633,,2
833,"Stockholm",4,634,,2
834,"Stockholm",123,635,,2
835,"Stockholm",65,636,,2
836,"Stockholm",102,637,,2
837,"Stockholm",92,638,,2
838,"Stockholm",570,639,,2
839,"Stockholm",122,640,,2
840,"Stockholm",256,641,,2
841,"Stockholm",129,642,,2
842,"Stockholm",30,643,,2
843,"Stockholm",132,644,,2
846,"Stockholm",32,647,,2
847,"Stockholm",572,648,,2
848,"Stockholm",524,649,,2
849,"Stockholm",135,650,,2
850,"Stockholm",180,651,,2
851,"Stockholm",54,652,,2
852,"Stockholm",7,653,,2
2250,"Stockholm",56,1614,,2
2251,"Stockholm",613,1615,,2
2252,"Stockholm",915,1616,,2
2253,"Stockholm",730,1617,,2
1564,"Stockholm",549,1238,"Skeppare",2
1573,"Stockholm",185,1247,"Skeppare",2
1598,"Stockholm",724,1209,"Gast",1
1600,"Stockholm",673,1255,"Gast",1
1607,"Stockholm",561,1238,"Gast",1
1608,"Stockholm",736,1237,"Gast",1
1609,"Stockholm",555,1237,"Gast",1
1612,"Stockholm",517,1238,"Gast",1
1614,"Stockholm",748,1247,"Gast",1
1615,"Stockholm",196,1247,"Gast",1
1616,"Stockholm",674,1247,"Gast",1
1617,"Stockholm",709,1268,"Gast",1
1618,"Stockholm",107,1269,"Skeppare",2
1630,"Stockholm",673,1278,"Gast",1
1633,"Stockholm",171,1282,,2
1634,"Stockholm",7,1283,,2
1638,"Stockholm",749,1287,"Skeppare",2
1641,"Stockholm",27,1290,,2
1643,"Stockholm",613,1292,,2
1645,"Stockholm",9,1294,,2
2254,"Stockholm",916,1618,,2
2255,"Stockholm",589,1619,,2
853,"Stockholm",3,654,,2
854,"Stockholm",249,655,,2
855,"Stockholm",573,656,,2
856,"Stockholm",205,657,,2
857,"Stockholm",59,658,,2
858,"Stockholm",100,659,,2
859,"Stockholm",22,660,,2
860,"Stockholm",410,661,,2
861,"Stockholm",52,662,,2
862,"Stockholm",48,663,,2
863,"Stockholm",116,664,,2
864,"Stockholm",145,665,,2
866,"Stockholm",571,666,,2
867,"Stockholm",29,667,,2
868,"Stockholm",2,668,,2
869,"Stockholm",67,669,,2
870,"Stockholm",91,670,,2
871,"Stockholm",66,671,,2
872,"Stockholm",543,672,,2
873,"Stockholm",544,673,,2
874,"Stockholm",244,674,,2
876,"Stockholm",151,676,,2
877,"Stockholm",252,677,,2
878,"Stockholm",166,678,,2
879,"Stockholm",547,679,,2
880,"Stockholm",49,680,,2
881,"Stockholm",248,681,,2
882,"Stockholm",58,682,,2
884,"Stockholm",576,684,,2
885,"Stockholm",159,685,,2
886,"Stockholm",160,686,,2
887,"Stockholm",26,687,,2
888,"Stockholm",173,688,,2
889,"Stockholm",14,689,,2
890,"Stockholm",577,690,,2
891,"Stockholm",578,691,,2
892,"Stockholm",225,692,,2
893,"Stockholm",44,693,,2
894,"Stockholm",50,694,,2
895,"Stockholm",75,695,,2
896,"Stockholm",165,696,,2
900,"Stockholm",55,700,,2
902,"Stockholm",574,702,,2
903,"Stockholm",575,703,,2
904,"Stockholm",149,704,,2
905,"Stockholm",150,705,,2
906,"Stockholm",13,706,,2
907,"Stockholm",555,707,,2
908,"Stockholm",21,708,,2
909,"Stockholm",72,709,,2
912,"Stockholm",53,712,,2
913,"Stockholm",579,713,,2
914,"Stockholm",107,714,,2
915,"Stockholm",580,715,,2
916,"Stockholm",133,716,,2
917,"Stockholm",581,717,,2
918,"Stockholm",582,718,,2
919,"Stockholm",136,650,,1
920,"Stockholm",21,650,,1
921,"Stockholm",575,712,,1
922,"Stockholm",193,657,,1
924,"Stockholm",13,649,,1
925,"Stockholm",555,674,,1
926,"Stockholm",536,662,,1
927,"Stockholm",574,649,,1
928,"Stockholm",111,687,,1
929,"Stockholm",57,720,,2
930,"Stockholm",556,721,,2
931,"Stockholm",556,,,1
932,"Stockholm",556,,,1
933,"Stockholm",556,,,1
934,"Stockholm",556,,,1
935,"Stockholm",556,720,,1
936,"Stockholm",568,715,,1
937,"Stockholm",9,722,,2
938,"Stockholm",7,723,,2
939,"Stockholm",244,724,,2
940,"Stockholm",53,725,,2
941,"Stockholm",4,726,,2
942,"Stockholm",6,727,,2
943,"Stockholm",590,728,,2
944,"Stockholm",54,729,,2
945,"Stockholm",569,730,,2
946,"Stockholm",52,731,,2
947,"Stockholm",593,732,,2
948,"Stockholm",583,733,,2
950,"Stockholm",584,735,,2
951,"Stockholm",585,736,,2
952,"Stockholm",587,737,,2
953,"Stockholm",102,738,,2
954,"Stockholm",588,739,,2
2256,"Stockholm",95,1620,,2
2257,"Stockholm",260,1621,,2
2258,"Stockholm",917,1622,,2
2259,"Stockholm",83,1623,,2
1646,"Stockholm",4,1295,,2
1647,"Stockholm",746,1296,,2
1649,"Stockholm",56,1297,,2
1650,"Stockholm",739,1298,,2
1651,"Stockholm",727,1299,,2
1652,"Stockholm",585,1300,,2
1653,"Stockholm",6,1301,,2
1654,"Stockholm",735,1302,,2
1655,"Stockholm",122,1303,,2
1656,"Stockholm",,1290,,1
1658,"Stockholm",95,1304,,2
1659,"Stockholm",572,1305,,2
1660,"Stockholm",738,1306,,2
1661,"Stockholm",755,1307,,2
1662,"Stockholm",664,1308,,2
1665,"Stockholm",83,1311,,2
1667,"Stockholm",180,1313,,2
1668,"Stockholm",137,1314,,2
1669,"Stockholm",45,1315,,2
1670,"Stockholm",741,1316,,2
1671,"Stockholm",69,1317,,2
1672,"Stockholm",54,1318,,2
1674,"Stockholm",756,1320,,2
1675,"Stockholm",70,1321,,2
1676,"Stockholm",745,1322,,2
1677,"Stockholm",11,1323,,2
1678,"Stockholm",743,1324,,2
1679,"Stockholm",52,1325,,2
1680,"Stockholm",116,1326,,2
1681,"Stockholm",29,1327,,2
1682,"Stockholm",2,1328,,2
1683,"Stockholm",615,1329,,2
1684,"Stockholm",663,1330,,2
1686,"Stockholm",91,1332,,2
1687,"Stockholm",149,1333,,2
1689,"Stockholm",72,1335,,2
1690,"Stockholm",244,1336,,2
1691,"Stockholm",445,1337,,2
1692,"Stockholm",671,1338,,2
1693,"Stockholm",657,1339,,2
1694,"Stockholm",754,1340,,2
1695,"Stockholm",751,1341,,2
1697,"Stockholm",219,1343,,2
1698,"Stockholm",734,1344,,2
1699,"Stockholm",725,1345,,2
1700,"Stockholm",26,1346,,2
1701,"Stockholm",753,1347,,2
1703,"Stockholm",76,1349,,2
1705,"Stockholm",744,1351,,2
1706,"Stockholm",752,1352,,2
1707,"Stockholm",742,1353,,2
1708,"Stockholm",662,1354,,2
1709,"Stockholm",737,1355,,2
1710,"Stockholm",165,1356,,2
1711,"Stockholm",750,1357,,2
1712,"Stockholm",37,1358,,2
1713,"Stockholm",567,1359,,2
1718,"Stockholm",55,1326,"Gast",1
1719,"Stockholm",726,1217,"Gast",1
1720,"Stockholm",729,1217,"Gast",1
1721,"Stockholm",730,1217,"Gast",1
1722,"Stockholm",731,1217,"Gast",1
1723,"Stockholm",30,1309,"Gast",1
1724,"Stockholm",150,1333,"Gast",1
1733,"Stockholm",102,1364,,2
1734,"Stockholm",93,1365,,2
1735,"Stockholm",769,1366,,2
1736,"Stockholm",205,1367,,2
1737,"Stockholm",67,1368,,2
1738,"Stockholm",594,1369,,2
1739,"Stockholm",164,1370,,2
1740,"Stockholm",44,1371,,2
1742,"Stockholm",193,,,1
1743,"Stockholm",193,,,1
1744,"Stockholm",193,,,1
1745,"Stockholm",193,,,1
1746,"Stockholm",584,1373,,2
1747,"Stockholm",720,1326,,1
1748,"Stockholm",586,1300,,1
1749,"Stockholm",676,1369,,1
1750,"Stockholm",683,1369,,1
1751,"Stockholm",684,1369,,1
1753,"Stockholm",614,1318,,1
1754,"Stockholm",535,1325,,1
1755,"Stockholm",536,1325,,1
1756,"Stockholm",747,1353,,1
1757,"Stockholm",519,1343,,1
1758,"Stockholm",781,1326,,1
1759,"Stockholm",591,1326,,1
1760,"Stockholm",740,1316,,1
1761,"Stockholm",30,1217,,1
1762,"Stockholm",732,1217,,1
1763,"Stockholm",672,1338,,1
1764,"Stockholm",777,1340,,1
1765,"Stockholm",760,1340,,1
1766,"Stockholm",767,1340,,1
1768,"Stockholm",780,1209,,1
1769,"Stockholm",774,1209,,1
1770,"Stockholm",110,1349,,1
1771,"Stockholm",34,1269,,1
1772,"Stockholm",771,1311,,1
1773,"Stockholm",772,1311,,1
1774,"Stockholm",770,1311,,1
1775,"Stockholm",766,1311,,1
1776,"Stockholm",773,1311,,1
1777,"Stockholm",736,1336,,1
1778,"Stockholm",762,1336,,1
1779,"Stockholm",555,1336,,1
1780,"Stockholm",779,1336,,1
1781,"Stockholm",785,1352,,1
1782,"Stockholm",765,1365,,1
1783,"Stockholm",761,1365,,1
1784,"Stockholm",758,1365,,1
1785,"Stockholm",757,1365,,1
1786,"Stockholm",759,1365,,1
1787,"Stockholm",121,1304,,1
1788,"Stockholm",673,1308,,1
1789,"Stockholm",787,1340,,1
1790,"Stockholm",786,1340,,1
1791,"Stockholm",788,1343,,1
1792,"Stockholm",135,1374,,2
1793,"Stockholm",4,1375,,2
1794,"Stockholm",54,1376,,2
1795,"Stockholm",69,1377,,2
1796,"Stockholm",14,1378,,2
1797,"Stockholm",159,1379,,2
1798,"Stockholm",754,1380,,2
1799,"Stockholm",789,1381,,2
1800,"Stockholm",21,1374,,1
1804,"Stockholm",52,1382,,2
1805,"Stockholm",734,1383,,2
1806,"Stockholm",589,1384,,2
1807,"Stockholm",56,1385,,2
1809,"Stockholm",790,1386,,2
1810,"Stockholm",126,1387,,2
1811,"Stockholm",136,1374,,1
1812,"Stockholm",792,1388,,2
1813,"Stockholm",91,1389,,2
1814,"Stockholm",252,1390,,2
1816,"Stockholm",794,1390,,1
1819,"Stockholm",791,1378,,1
1824,"Stockholm",182,1393,,2
1825,"Stockholm",166,1394,,2
1826,"Stockholm",535,1382,,1
1827,"Stockholm",562,1395,,2
1828,"Stockholm",721,1395,,1
1829,"Stockholm",249,1396,,2
1830,"Stockholm",704,1397,,2
1831,"Stockholm",116,1398,,2
1832,"Stockholm",591,1398,,1
1833,"Stockholm",796,1399,,2
1834,"Stockholm",797,1395,,1
1835,"Stockholm",798,1395,,1
1836,"Stockholm",799,1400,,2
1837,"Stockholm",744,1401,,2
1838,"Stockholm",155,1402,,2
1840,"Stockholm",176,1402,,1
1841,"Stockholm",800,1403,,2
1842,"Stockholm",513,1404,,2
1843,"Stockholm",801,1404,,1
1844,"Stockholm",14,1405,,2
1845,"Stockholm",723,1405,,1
1846,"Stockholm",122,1406,,2
1847,"Stockholm",802,1407,,2
1848,"Stockholm",803,1408,,2
1849,"Stockholm",804,1409,,2
1850,"Stockholm",72,1410,,2
1852,"Stockholm",576,1411,,2
1853,"Stockholm",806,1412,,2
2260,"Stockholm",850,1624,,2
1855,"Stockholm",55,1398,,1
1856,"Stockholm",807,1407,,1
1857,"Stockholm",808,1395,,1
1858,"Stockholm",110,1414,,2
1859,"Stockholm",777,1380,,1
1860,"Stockholm",767,1380,,1
1861,"Stockholm",760,1380,,1
1862,"Stockholm",164,1415,,2
1863,"Stockholm",179,,,1
1864,"Stockholm",764,,,1
1865,"Stockholm",764,,,1
1866,"Stockholm",764,,,1
1867,"Stockholm",179,1415,,1
1868,"Stockholm",764,1415,,1
1869,"Stockholm",810,1416,,2
1870,"Stockholm",76,1414,,1
1871,"Stockholm",244,1417,,2
1872,"Stockholm",742,1418,,2
1873,"Stockholm",747,1418,,1
1874,"Stockholm",598,1419,,2
1875,"Stockholm",762,1417,,1
1876,"Stockholm",149,1420,,2
1877,"Stockholm",150,1420,,1
1878,"Stockholm",536,1382,,1
1879,"Stockholm",53,1421,,2
1880,"Stockholm",811,1422,,2
1881,"Stockholm",634,1423,,2
1882,"Stockholm",812,1374,,1
1883,"Stockholm",813,1417,,1
1884,"Stockholm",814,1417,,1
1885,"Stockholm",815,1424,,2
1886,"Stockholm",816,1425,,2
1887,"Stockholm",817,1415,,1
1888,"Stockholm",123,1426,,2
1889,"Stockholm",787,1380,,1
1890,"Stockholm",786,1380,,1
1891,"Stockholm",818,1416,,1
1892,"Stockholm",723,1378,,1
1893,"Stockholm",575,1407,,1
1894,"Stockholm",819,1422,,1
1895,"Stockholm",821,1407,,1
1896,"Stockholm",820,1422,,1
1897,"Stockholm",822,1427,,2
1898,"Stockholm",823,1421,,1
1899,"Stockholm",824,1378,,1
1900,"Stockholm",825,1417,,1
1901,"Stockholm",826,1416,,1
1902,"Stockholm",829,1378,,1
1903,"Stockholm",827,1421,,1
1904,"Stockholm",832,1399,,1
1905,"Stockholm",833,1399,,1
1906,"Stockholm",834,1399,,1
1907,"Stockholm",835,1390,,1
1908,"Stockholm",29,1428,,2
1909,"Stockholm",830,1376,,1
1910,"Stockholm",831,1376,,1
1911,"Stockholm",836,1407,,1
1912,"Stockholm",783,1401,,1
1913,"Stockholm",837,1382,,1
1914,"Stockholm",838,1421,,1
1921,"Stockholm",767,,,1
1922,"Stockholm",767,,,1
1923,"Stockholm",767,,,1
1980,"Stockholm",138,1467,,2
1981,"Stockholm",50,1468,,2
1982,"Stockholm",769,1469,,2
1983,"Stockholm",95,1470,,2
1984,"Stockholm",37,1471,,2
1986,"Stockholm",848,1473,,2
1990,"Stockholm",69,1477,,2
1991,"Stockholm",804,1478,,2
1992,"Stockholm",732,1479,,2
1993,"Stockholm",185,1480,,2
1994,"Stockholm",33,1481,,2
1995,"Stockholm",7,1482,,2
1996,"Stockholm",843,1483,,2
1997,"Stockholm",91,1484,,2
1998,"Stockholm",54,1485,,2
1999,"Stockholm",567,1486,,2
2001,"Stockholm",260,1488,,2
2002,"Stockholm",742,1489,,2
2003,"Stockholm",45,1490,,2
2004,"Stockholm",142,1491,,2
2005,"Stockholm",188,1492,,2
2006,"Stockholm",589,1493,,2
2007,"Stockholm",663,1494,,2
2008,"Stockholm",61,1495,,2
2009,"Stockholm",657,1496,,2
2010,"Stockholm",171,1497,,2
2011,"Stockholm",56,1498,,2
2012,"Stockholm",754,1499,,2
2013,"Stockholm",840,1500,,2
2014,"Stockholm",738,1501,,2
2015,"Stockholm",613,1502,,2
2016,"Stockholm",472,1503,,2
2018,"Stockholm",748,1480,,1
2019,"Stockholm",729,1479,,1
2020,"Stockholm",30,1479,,1
2021,"Stockholm",196,1480,,1
2022,"Stockholm",674,1480,,1
2023,"Stockholm",841,1481,,1
2024,"Stockholm",747,1489,,1
2025,"Stockholm",846,1503,,1
2027,"Stockholm",777,1499,,1
2028,"Stockholm",786,1499,,1
2029,"Stockholm",760,1499,,1
2030,"Stockholm",847,1495,,1
2031,"Stockholm",682,1502,,1
2032,"Stockholm",767,1499,,1
2033,"Stockholm",164,1505,,2
2034,"Stockholm",9,1506,,2
2035,"Stockholm",726,1479,,1
2036,"Stockholm",22,1507,,2
2037,"Stockholm",145,1508,,2
2038,"Stockholm",849,1509,,2
2039,"Stockholm",850,1510,,2
2040,"Stockholm",851,1511,,2
2041,"Stockholm",29,1512,,2
2042,"Stockholm",58,1513,,2
2043,"Stockholm",4,1514,,2
2044,"Stockholm",852,1515,,2
2045,"Stockholm",853,1516,,2
2046,"Stockholm",549,1517,,2
2047,"Stockholm",76,1518,,2
2049,"Stockholm",445,1520,,2
2050,"Stockholm",180,1521,,2
2051,"Stockholm",90,1522,,2
2052,"Stockholm",27,1509,,1
2053,"Stockholm",561,1517,,1
2054,"Stockholm",517,1517,,1
2055,"Stockholm",614,1485,,1
2056,"Stockholm",859,1510,,1
2057,"Stockholm",858,1510,,1
2058,"Stockholm",857,1510,,1
2059,"Stockholm",856,1510,,1
2060,"Stockholm",855,1515,,1
2061,"Stockholm",854,1515,,1
2062,"Stockholm",585,1523,,2
2063,"Stockholm",664,1524,,2
2064,"Stockholm",513,1525,,2
2065,"Stockholm",52,1526,,2
2067,"Stockholm",116,1528,,2
2068,"Stockholm",860,1529,,2
2069,"Stockholm",244,1530,,2
2070,"Stockholm",862,1531,,2
2071,"Stockholm",53,1532,,2
2072,"Stockholm",861,1533,,2
2073,"Stockholm",562,1534,,2
2076,"Stockholm",863,1528,,1
2077,"Stockholm",864,1534,,1
2078,"Stockholm",865,1534,,1
2079,"Stockholm",721,1534,,1
2080,"Stockholm",866,1509,,1
2081,"Stockholm",121,1470,,1
2082,"Stockholm",591,1528,,1
2083,"Stockholm",55,1528,,1
2084,"Stockholm",535,1526,,1
2086,"Stockholm",179,1505,,1
2087,"Stockholm",817,1505,,1
2089,"Stockholm",107,1536,,2
2090,"Stockholm",816,1537,,2
2091,"Stockholm",195,1538,,2
2093,"Stockholm",65,1540,,2
2094,"Stockholm",550,1541,,2
2095,"Stockholm",72,1542,,2
2096,"Stockholm",681,1490,,1
2097,"Stockholm",762,1530,,1
2098,"Stockholm",608,1530,,1
2099,"Stockholm",867,1543,,2
2100,"Stockholm",870,1480,,1
2101,"Stockholm",34,1536,,1
2102,"Stockholm",823,1532,,1
2103,"Stockholm",827,1532,,1
2104,"Stockholm",873,1489,,1
2105,"Stockholm",872,1483,,1
2106,"Stockholm",874,1481,,1
2107,"Stockholm",875,1481,,1
2108,"Stockholm",876,1530,,1
2109,"Stockholm",536,1526,,1
2110,"Stockholm",878,1488,,1
2111,"Stockholm",654,1544,,2
2112,"Stockholm",836,1544,,1
2113,"Stockholm",877,1544,,1
2114,"Stockholm",725,1515,,1
2115,"Stockholm",801,1525,,1
2116,"Stockholm",720,1528,,1
2117,"Stockholm",882,1516,,1
2118,"Stockholm",880,1516,,1
2119,"Stockholm",881,1516,,1
2120,"Stockholm",879,1469,,1
2121,"Stockholm",885,1483,,1
2122,"Stockholm",575,1544,,1
2123,"Stockholm",884,1488,,1
2124,"Stockholm",883,1488,,1
2125,"Stockholm",838,1532,,1
2126,"Stockholm",886,1545,,2
2127,"Stockholm",839,1545,,1
2128,"Stockholm",730,1546,,2
2129,"Stockholm",135,1547,,2
2130,"Stockholm",800,1548,,2
2131,"Stockholm",14,1549,,2
2132,"Stockholm",30,1546,,1
2133,"Stockholm",21,1547,,1
2135,"Stockholm",887,1549,,1
2136,"Stockholm",166,1550,,2
2137,"Stockholm",742,1551,,2
2138,"Stockholm",566,1552,,2
2139,"Stockholm",14,1553,,2
2141,"Stockholm",52,1555,,2
2142,"Stockholm",848,1556,,2
2143,"Stockholm",54,1557,,2
2144,"Stockholm",614,,,1
2145,"Stockholm",614,,,1
2146,"Stockholm",614,,,1
2147,"Stockholm",614,1557,,1
2148,"Stockholm",155,1558,,2
2149,"Stockholm",69,1559,,2
2150,"Stockholm",142,1560,,2
2151,"Stockholm",56,1561,,2
2152,"Stockholm",22,1562,,2
2153,"Stockholm",159,1563,,2
2154,"Stockholm",125,1564,,2
2155,"Stockholm",738,1565,,2
2156,"Stockholm",888,1566,,2
2157,"Stockholm",860,1567,,2
2158,"Stockholm",4,1568,,2
2159,"Stockholm",654,1569,,2
2160,"Stockholm",589,1570,,2
2161,"Stockholm",175,1571,,2
2162,"Stockholm",70,1572,,2
2163,"Stockholm",249,1573,,2
2164,"Stockholm",180,1574,,2
2165,"Stockholm",11,1575,,2
2166,"Stockholm",743,1576,,2
2167,"Stockholm",262,1577,,2
2168,"Stockholm",145,1578,,2
2171,"Stockholm",67,1580,,2
2172,"Stockholm",594,1581,,2
2173,"Stockholm",889,1582,,2
2174,"Stockholm",890,1583,,2
2175,"Stockholm",252,1584,,2
2176,"Stockholm",754,1585,,2
2178,"Stockholm",886,1587,,2
2180,"Stockholm",173,1589,,2
2181,"Stockholm",704,1590,,2
2182,"Stockholm",705,1591,,2
2183,"Stockholm",706,1592,,2
2185,"Stockholm",50,1594,,2
2186,"Stockholm",634,1595,,2
2187,"Stockholm",122,1596,,2
2188,"Stockholm",135,1597,,2
2189,"Stockholm",53,1598,,2
2190,"Stockholm",164,1599,,2
2191,"Stockholm",176,1558,,1
2192,"Stockholm",892,1591,,1
2193,"Stockholm",893,1591,,1
2194,"Stockholm",686,1569,,1
2195,"Stockholm",136,1597,,1
2196,"Stockholm",894,1585,,1
2197,"Stockholm",536,1555,,1
2198,"Stockholm",747,1551,,1
2199,"Stockholm",835,1584,,1
2200,"Stockholm",895,1585,,1
2201,"Stockholm",178,1558,,1
2202,"Stockholm",110,1600,,2
2203,"Stockholm",76,1600,,1
2204,"Stockholm",794,1584,,1
2205,"Stockholm",896,1601,,2
2206,"Stockholm",126,1602,,2
2207,"Stockholm",769,1603,,2
2208,"Stockholm",75,1604,,2
2209,"Stockholm",897,1605,,2
2210,"Stockholm",684,1581,,1
2211,"Stockholm",683,1581,,1
2212,"Stockholm",877,1569,,1
2213,"Stockholm",535,1555,,1
2214,"Stockholm",898,1555,,1
2215,"Stockholm",899,1553,,1
2216,"Stockholm",764,1599,,1
2217,"Stockholm",179,1599,,1
2218,"Stockholm",817,1599,,1
2219,"Stockholm",72,1606,,2
2220,"Stockholm",101,1607,,2
2221,"Stockholm",900,1608,,2
2222,"Stockholm",205,1609,,2
2223,"Stockholm",901,1585,,1
2224,"Stockholm",591,1608,,1
2225,"Stockholm",902,1553,,1
2226,"Stockholm",903,1551,,1
2227,"Stockholm",55,1608,,1
2228,"Stockholm",193,1609,,1
2229,"Stockholm",904,1581,,1
2230,"Stockholm",575,1598,,1
2231,"Stockholm",905,1577,,1
2232,"Stockholm",906,1577,,1
2233,"Stockholm",907,1577,,1
2234,"Stockholm",908,1610,,2
2235,"Stockholm",247,1597,,1
2236,"Stockholm",913,1567,,1
2237,"Stockholm",911,1566,,1
2238,"Stockholm",912,1553,,1
2239,"Stockholm",824,1553,,1
2240,"Stockholm",29,1611,,2
2262,"Stockholm",180,1625,,2
2263,"Stockholm",45,1626,,2
2264,"Stockholm",69,1627,,2
2265,"Stockholm",138,1628,,2
2266,"Stockholm",54,1629,,2
2268,"Stockholm",142,1631,,2
2269,"Stockholm",918,1632,,2
2270,"Stockholm",656,1633,,2
2271,"Stockholm",2,1634,,2
2272,"Stockholm",853,1635,,2
2273,"Stockholm",663,1636,,2
2274,"Stockholm",889,1637,,2
2275,"Stockholm",919,1638,,2
2276,"Stockholm",657,1639,,2
2277,"Stockholm",754,1640,,2
2278,"Stockholm",840,1641,,2
2279,"Stockholm",188,1642,,2
2280,"Stockholm",475,1643,,2
2281,"Stockholm",920,1644,,2
2282,"Stockholm",14,1645,,2
2283,"Stockholm",742,1646,,2
2285,"Stockholm",37,1648,,2
2286,"Stockholm",567,1649,,2
2287,"Stockholm",923,1650,,2
2288,"Stockholm",585,1651,,2
2289,"Stockholm",849,1652,,2
2290,"Stockholm",924,1653,,2
2291,"Stockholm",11,1654,,2
2292,"Stockholm",925,1655,,2
2293,"Stockholm",20,1656,,2
2295,"Stockholm",660,1658,,2
2296,"Stockholm",614,1629,,1
2297,"Stockholm",926,1616,,1
2298,"Stockholm",927,1621,,1
2299,"Stockholm",928,1621,,1
2300,"Stockholm",878,1621,,1
2301,"Stockholm",929,1621,,1
2302,"Stockholm",747,1646,,1
2303,"Stockholm",930,1644,,1
2304,"Stockholm",682,1615,,1
2305,"Stockholm",760,1640,,1
2323,"Stockholm",549,1671,,2
2324,"Stockholm",58,1672,,2
2326,"Stockholm",725,1674,,2
2327,"Stockholm",160,1675,,2
2328,"Stockholm",562,1676,,2
2330,"Stockholm",164,1678,,2
2331,"Stockholm",329,1642,,1
2332,"Stockholm",517,1671,,1
2333,"Stockholm",561,1671,,1
2335,"Stockholm",939,1650,,1
2336,"Stockholm",940,1650,,1
2337,"Stockholm",935,1679,,2
2338,"Stockholm",856,1624,,1
2339,"Stockholm",858,1624,,1
2340,"Stockholm",864,1676,,1
2341,"Stockholm",865,1676,,1
2342,"Stockholm",721,1676,,1
2343,"Stockholm",943,1650,,1
2344,"Stockholm",945,1650,,1
2345,"Stockholm",946,1650,,1
2346,"Stockholm",947,1650,,1
2347,"Stockholm",683,1669,,1
2348,"Stockholm",854,1674,,1
2350,"Stockholm",948,1640,,1
2351,"Stockholm",27,1652,,1
2352,"Stockholm",219,1680,,2
2353,"Stockholm",931,1680,,1
2354,"Stockholm",873,1646,,1
2355,"Stockholm",944,1646,,1
2356,"Stockholm",766,1623,,1
2357,"Stockholm",110,1681,,2
2358,"Stockholm",76,1681,,1
2359,"Stockholm",949,1679,,1
2360,"Stockholm",950,1679,,1
2361,"Stockholm",951,1679,,1
2362,"Stockholm",952,1679,,1
2363,"Stockholm",941,1679,,1
2364,"Stockholm",942,1679,,1
2365,"Stockholm",955,1679,,1
2366,"Stockholm",72,1682,,2
2367,"Stockholm",953,1682,,1
2368,"Stockholm",954,1682,,1
2369,"Stockholm",805,1682,,1
2370,"Stockholm",956,1682,,1
2371,"Stockholm",777,1640,,1
2372,"Stockholm",767,1640,,1
2373,"Stockholm",786,1640,,1
2374,"Stockholm",7,1683,,2
2375,"Stockholm",4,1684,,2
2376,"Stockholm",861,1685,,2
2377,"Stockholm",764,1678,,1
2378,"Stockholm",179,1678,,1
2379,"Stockholm",817,1678,,1
2380,"Stockholm",922,1686,,2
2381,"Stockholm",957,1679,,1
2382,"Stockholm",959,1642,,1
2383,"Stockholm",960,1642,,1
2384,"Stockholm",936,1687,,2
2385,"Stockholm",961,,,1
2386,"Stockholm",961,,,1
2387,"Stockholm",961,,,1
2388,"Stockholm",961,1687,,1
2389,"Stockholm",962,1674,,1
2390,"Stockholm",958,1679,,1
2391,"Stockholm",654,1688,,2
2392,"Stockholm",867,1689,,2
2394,"Stockholm",631,1691,,2
2395,"Stockholm",963,1692,,2
2396,"Stockholm",934,1693,,2
2397,"Stockholm",816,1694,,2
2398,"Stockholm",519,1680,,1
2399,"Stockholm",772,1623,,1
2400,"Stockholm",771,1623,,1
2401,"Stockholm",964,1684,,1
2402,"Stockholm",899,1645,,1
2403,"Stockholm",723,1645,,1
2404,"Stockholm",793,1645,,1
2405,"Stockholm",913,1670,,1
2406,"Stockholm",641,1691,,1
2407,"Stockholm",880,1635,,1
2408,"Stockholm",791,1645,,1
2409,"Stockholm",882,1635,,1
2410,"Stockholm",881,1635,,1
2411,"Stockholm",966,1644,,1
2412,"Stockholm",965,1644,,1
2413,"Stockholm",969,1693,,1
2414,"Stockholm",967,1693,,1
2415,"Stockholm",970,1693,,1
2416,"Stockholm",30,1617,,1
2417,"Stockholm",855,1674,,1
2418,"Stockholm",968,1658,,1
2419,"Stockholm",686,1688,,1
2420,"Stockholm",877,1688,,1
2421,"Stockholm",53,1688,,1
2425,"Stockholm",21,1696,,1
2442,"Stockholm",971,1714,,2
2443,"Stockholm",135,1715,,2
2444,"Stockholm",816,1716,,2
2445,"Stockholm",800,1717,,2
2446,"Stockholm",21,1715,,1
2448,"Stockholm",4,1719,,2
2449,"Stockholm",56,1720,,2
2450,"Stockholm",971,1721,,2
2451,"Stockholm",185,1722,,2
2452,"Stockholm",135,1723,,2
2453,"Stockholm",972,1724,,2
2454,"Stockholm",69,1725,,2
2455,"Stockholm",54,1726,,2
2456,"Stockholm",7,1727,,2
2459,"Stockholm",249,1728,,2
2460,"Stockholm",22,1729,,2
2461,"Stockholm",886,1730,,2
2462,"Stockholm",472,1731,,2
2463,"Stockholm",475,1732,,2
2464,"Stockholm",14,1733,,2
2465,"Stockholm",164,1734,,2
2466,"Stockholm",973,1735,,2
2467,"Stockholm",915,1736,,2
2468,"Stockholm",645,1737,,2
2469,"Stockholm",589,1738,,2
2470,"Stockholm",974,1739,,2
2471,"Stockholm",975,1740,,2
2472,"Stockholm",848,1741,,2
2473,"Stockholm",55,1742,,2
2474,"Stockholm",708,1743,,2
2476,"Stockholm",894,1744,,2
2477,"Stockholm",52,1745,,2
2478,"Stockholm",656,1746,,2
2480,"Stockholm",145,1748,,2
2481,"Stockholm",29,1749,,2
2482,"Stockholm",976,1750,,2
2484,"Stockholm",977,1752,,2
2485,"Stockholm",978,1753,,2
2486,"Stockholm",252,1754,,2
2487,"Stockholm",166,1755,,2
2488,"Stockholm",53,1756,,2
2490,"Stockholm",160,1758,,2
2491,"Stockholm",76,1759,,2
2495,"Stockholm",675,1744,,1
2496,"Stockholm",984,1742,,1
2497,"Stockholm",902,1733,,1
2498,"Stockholm",899,1733,,1
2499,"Stockholm",723,1733,,1
2500,"Stockholm",980,1753,,1
2501,"Stockholm",110,1759,,1
2502,"Stockholm",979,1752,,1
2503,"Stockholm",196,1722,,1
2504,"Stockholm",835,1754,,1
2505,"Stockholm",982,1754,,1
2506,"Stockholm",536,1745,,1
2507,"Stockholm",827,1756,,1
2508,"Stockholm",136,1723,,1
2509,"Stockholm",981,1723,,1
2510,"Stockholm",764,1734,,1
2511,"Stockholm",179,1734,,1
2512,"Stockholm",817,1734,,1
2513,"Stockholm",608,1761,,2
2514,"Stockholm",876,1761,,1
2515,"Stockholm",983,1761,,1
2516,"Stockholm",889,1762,,2
2517,"Stockholm",846,1731,,1
2518,"Stockholm",21,1723,,1
2519,"Stockholm",173,1763,,2
2520,"Stockholm",195,1764,,2
2521,"Stockholm",133,1765,,2
2522,"Stockholm",963,1766,,2
2523,"Stockholm",985,1766,,1
2524,"Stockholm",964,1719,,1
2525,"Stockholm",988,1752,,1
2526,"Stockholm",115,1742,,1
2527,"Stockholm",116,1742,,1
2528,"Stockholm",205,1767,,2
2529,"Stockholm",987,1768,,2
2530,"Stockholm",986,1756,,1
2531,"Stockholm",989,1769,,2
2532,"Stockholm",990,1770,,2
2533,"Stockholm",566,1771,,2
2534,"Stockholm",126,1772,,2
2535,"Stockholm",860,1773,,2
2536,"Stockholm",591,1774,,2
2537,"Stockholm",664,1775,,2
2538,"Stockholm",193,1767,,1
2539,"Stockholm",674,1722,,1
2540,"Stockholm",791,1733,,1
2541,"Stockholm",262,1776,,2
2542,"Stockholm",906,1777,,2
2543,"Stockholm",994,1756,,1
2544,"Stockholm",907,1777,,1
2545,"Stockholm",900,1774,,1
2546,"Stockholm",23,1758,,1
2547,"Stockholm",535,1745,,1
2548,"Stockholm",913,1773,,1
2549,"Stockholm",794,1754,,1
2550,"Stockholm",995,1776,,1
2551,"Stockholm",996,1775,,1
2552,"Stockholm",575,1756,,1
2553,"Stockholm",992,1740,,1
2554,"Stockholm",993,1740,,1
2555,"Stockholm",164,1778,,2
2556,"Stockholm",916,1779,,2
2557,"Stockholm",886,1780,,2
2558,"Stockholm",998,1781,,2
2559,"Stockholm",999,1782,,2
2560,"Stockholm",1000,1783,,2
2561,"Stockholm",7,1784,,2
2564,"Stockholm",1002,1786,,2
2566,"Stockholm",16,1788,,2
2567,"Stockholm",1003,1789,,2
2569,"Stockholm",920,1790,,2
2570,"Stockholm",80,1791,,2
2571,"Stockholm",921,1792,,2
2572,"Stockholm",4,1793,,2
2574,"Stockholm",919,1795,,2
2577,"Stockholm",1004,1797,,2
2578,"Stockholm",1005,1798,,2
2579,"Stockholm",423,1799,,2
2580,"Stockholm",967,1800,,2
2581,"Stockholm",861,1801,,2
2582,"Stockholm",125,1802,,2
2583,"Stockholm",1006,1803,,2
2584,"Stockholm",61,1804,,2
2585,"Stockholm",211,1805,,2
2586,"Stockholm",2,1806,,2
2587,"Stockholm",72,1807,,2
2588,"Stockholm",1007,1808,,2
2590,"Stockholm",1008,1810,,2
2591,"Stockholm",14,1811,,2
2593,"Stockholm",9,1813,,2
2594,"Stockholm",185,1814,,2
2595,"Stockholm",613,1815,,2
2597,"Stockholm",1009,1816,,2
2599,"Stockholm",849,1818,,2
2600,"Stockholm",1010,1819,,2
2602,"Stockholm",1011,1821,,2
2603,"Stockholm",180,1822,,2
2604,"Stockholm",22,1823,,2
2606,"Stockholm",30,1825,,2
2608,"Stockholm",720,1827,,2
2609,"Stockholm",1012,1828,,2
2610,"Stockholm",37,1829,,2
2611,"Stockholm",567,1830,,2
2612,"Stockholm",769,1831,,2
2617,"Stockholm",1015,1783,,1
2618,"Stockholm",965,1790,,1
2619,"Stockholm",1016,1790,,1
2620,"Stockholm",1017,1790,,1
2621,"Stockholm",899,1811,,1
2623,"Stockholm",723,1811,,1
2625,"Stockholm",1018,1811,,1
2626,"Stockholm",1024,1832,,2
2627,"Stockholm",110,1833,,2
2628,"Stockholm",76,1833,,1
955,"Stockholm",351,740,,2
956,"Stockholm",93,741,,2
957,"Stockholm",30,742,,2
958,"Stockholm",589,743,,2
959,"Stockholm",95,744,,2
960,"Stockholm",571,745,,2
961,"Stockholm",525,746,,2
962,"Stockholm",185,747,,2
963,"Stockholm",611,748,,2
964,"Stockholm",168,749,,2
965,"Stockholm",180,750,,2
967,"Stockholm",45,752,,2
968,"Stockholm",69,753,,2
969,"Stockholm",55,754,,2
970,"Stockholm",138,755,,2
971,"Stockholm",203,756,,2
972,"Stockholm",573,757,,2
973,"Stockholm",100,758,,2
974,"Stockholm",22,759,,2
975,"Stockholm",48,760,,2
976,"Stockholm",90,761,,2
977,"Stockholm",29,762,,2
978,"Stockholm",594,763,,2
979,"Stockholm",91,764,,2
980,"Stockholm",1,765,,2
981,"Stockholm",181,766,,2
982,"Stockholm",72,767,,2
983,"Stockholm",20,768,,2
984,"Stockholm",13,769,,2
985,"Stockholm",596,770,,2
986,"Stockholm",549,771,,2
987,"Stockholm",599,772,,2
988,"Stockholm",600,773,,2
989,"Stockholm",602,774,,2
990,"Stockholm",604,775,,2
991,"Stockholm",606,776,,2
992,"Stockholm",608,777,,2
993,"Stockholm",160,778,,2
994,"Stockholm",560,779,,2
995,"Stockholm",164,780,,2
996,"Stockholm",44,781,,2
998,"Stockholm",165,783,,2
999,"Stockholm",609,784,,2
1000,"Stockholm",101,785,,2
1001,"Stockholm",610,786,,2
1002,"Stockholm",567,787,,2
1003,"Stockholm",3,788,,2
1004,"Stockholm",26,789,,2
1005,"Stockholm",14,790,,2
1006,"Stockholm",612,791,,2
1007,"Stockholm",603,792,,2
1008,"Stockholm",110,793,,2
1010,"Stockholm",586,795,,2
1011,"Stockholm",196,796,,2
1012,"Stockholm",591,797,,2
1013,"Stockholm",528,798,,2
1014,"Stockholm",61,799,,2
1017,"Stockholm",23,802,,2
1018,"Stockholm",116,803,,2
1021,"Stockholm",605,806,,2
1022,"Stockholm",222,807,,2
1025,"Stockholm",551,810,,2
1027,"Stockholm",575,812,,2
1028,"Stockholm",58,813,,2
1029,"Stockholm",145,814,,2
1032,"Stockholm",37,815,,2
1033,"Stockholm",97,816,,2
1034,"Stockholm",227,817,,2
1035,"Stockholm",614,818,,2
1036,"Stockholm",616,819,,2
1037,"Stockholm",617,820,,2
1038,"Stockholm",613,821,,2
1039,"Stockholm",620,822,,2
1040,"Stockholm",619,823,,2
1041,"Stockholm",620,780,,1
1042,"Stockholm",619,780,,1
1043,"Stockholm",615,824,,2
1044,"Stockholm",517,771,,1
1045,"Stockholm",561,771,,1
1046,"Stockholm",535,731,,1
1047,"Stockholm",536,731,,1
1048,"Stockholm",147,825,,2
1049,"Stockholm",179,826,,2
1050,"Stockholm",179,780,,1
1051,"Stockholm",575,725,,1
1052,"Stockholm",614,729,,1
1053,"Stockholm",617,790,,1
1054,"Stockholm",23,778,,1
1055,"Stockholm",591,754,,1
1056,"Stockholm",116,754,,1
2307,"Stockholm",859,1624,,1
2308,"Stockholm",932,1642,,1
1057,"Stockholm",612,791,,1
1059,"Stockholm",598,791,,1
1060,"Stockholm",222,767,,1
1061,"Stockholm",121,744,,1
1063,"Stockholm",597,791,,1
1065,"Stockholm",621,830,,2
1066,"Stockholm",57,831,,2
1067,"Stockholm",530,831,,1
1068,"Stockholm",621,831,,1
1069,"Stockholm",530,832,,2
1070,"Stockholm",4,833,,2
1071,"Stockholm",123,834,,2
1072,"Stockholm",622,835,,2
1073,"Stockholm",126,836,,2
1074,"Stockholm",92,837,,2
1076,"Stockholm",623,838,,2
1077,"Stockholm",122,839,,2
1078,"Stockholm",256,840,,2
1079,"Stockholm",35,841,,2
1080,"Stockholm",30,842,,2
1081,"Stockholm",589,843,,2
1082,"Stockholm",624,844,,2
1083,"Stockholm",571,845,,2
1084,"Stockholm",175,846,,2
1085,"Stockholm",135,847,,2
1086,"Stockholm",625,848,,2
1087,"Stockholm",69,849,,2
1088,"Stockholm",138,850,,2
1089,"Stockholm",54,851,,2
1090,"Stockholm",7,852,,2
1091,"Stockholm",3,853,,2
1092,"Stockholm",626,854,,2
1093,"Stockholm",70,855,,2
1094,"Stockholm",592,856,,2
1095,"Stockholm",180,857,,2
1096,"Stockholm",205,858,,2
1097,"Stockholm",100,859,,2
1098,"Stockholm",22,860,,2
1099,"Stockholm",52,861,,2
1100,"Stockholm",627,862,,2
1101,"Stockholm",145,863,,2
1102,"Stockholm",29,864,,2
1103,"Stockholm",67,865,,2
1104,"Stockholm",628,866,,2
1105,"Stockholm",594,867,,2
1106,"Stockholm",91,868,,2
1108,"Stockholm",72,870,,2
1109,"Stockholm",244,871,,2
1110,"Stockholm",629,872,,2
1111,"Stockholm",217,873,,2
1112,"Stockholm",151,874,,2
1113,"Stockholm",252,875,,2
1114,"Stockholm",166,876,,2
1115,"Stockholm",155,877,,2
1116,"Stockholm",597,878,,2
1117,"Stockholm",630,879,,2
1118,"Stockholm",58,880,,2
1119,"Stockholm",53,881,,2
1120,"Stockholm",631,882,,2
1121,"Stockholm",602,883,,2
1122,"Stockholm",603,884,,2
1123,"Stockholm",632,885,,2
1124,"Stockholm",576,886,,2
1125,"Stockholm",34,887,,2
1126,"Stockholm",608,888,,2
1127,"Stockholm",159,889,,2
1128,"Stockholm",160,890,,2
1129,"Stockholm",26,891,,2
1131,"Stockholm",243,893,,2
1132,"Stockholm",14,894,,2
1133,"Stockholm",76,895,,2
1134,"Stockholm",562,896,,2
1135,"Stockholm",164,897,,2
1136,"Stockholm",634,898,,2
1137,"Stockholm",165,899,,2
1139,"Stockholm",55,901,,2
1140,"Stockholm",636,902,,2
1141,"Stockholm",637,903,,2
1142,"Stockholm",23,904,,2
1144,"Stockholm",638,906,,2
1145,"Stockholm",617,907,,2
1146,"Stockholm",640,908,,2
1147,"Stockholm",641,909,,2
1148,"Stockholm",591,910,,2
1149,"Stockholm",115,911,,2
1150,"Stockholm",116,912,,2
1158,"Stockholm",246,919,,2
2309,"Stockholm",921,1659,,2
2310,"Stockholm",933,1659,,1
2311,"Stockholm",121,1620,,1
2312,"Stockholm",769,1660,,2
1160,"Stockholm",21,921,,2
1162,"Stockholm",195,923,,2
1163,"Stockholm",633,924,,2
1164,"Stockholm",642,925,,2
1165,"Stockholm",643,926,,2
1166,"Stockholm",635,927,,2
1167,"Stockholm",644,928,,2
1168,"Stockholm",639,929,,2
1169,"Stockholm",645,930,,2
1170,"Stockholm",646,931,,2
1171,"Stockholm",246,847,,1
1172,"Stockholm",136,847,,1
1173,"Stockholm",21,847,,1
1174,"Stockholm",636,927,,1
1175,"Stockholm",637,927,,1
1176,"Stockholm",639,866,,1
1177,"Stockholm",107,887,,1
1178,"Stockholm",638,848,,1
1179,"Stockholm",591,901,,1
1180,"Stockholm",115,901,,1
1181,"Stockholm",116,901,,1
1182,"Stockholm",644,885,,1
1183,"Stockholm",535,861,,1
1184,"Stockholm",536,861,,1
1185,"Stockholm",176,877,,1
1186,"Stockholm",617,894,,1
1187,"Stockholm",640,895,,1
1188,"Stockholm",23,890,,1
1189,"Stockholm",111,891,,1
1190,"Stockholm",641,882,,1
1191,"Stockholm",646,930,,1
1192,"Stockholm",647,932,,2
1193,"Stockholm",647,848,,1
1194,"Stockholm",648,933,,2
1195,"Stockholm",648,885,,1
1197,"Stockholm",193,858,,1
1198,"Stockholm",7,935,,2
1200,"Stockholm",594,937,,2
1201,"Stockholm",164,938,,2
1202,"Stockholm",585,939,,2
1204,"Stockholm",19,941,,2
1206,"Stockholm",69,943,,2
1207,"Stockholm",22,944,,2
1208,"Stockholm",593,945,,2
1209,"Stockholm",560,946,,2
1210,"Stockholm",14,947,,2
1211,"Stockholm",165,948,,2
1212,"Stockholm",9,949,,2
1213,"Stockholm",4,950,,2
1214,"Stockholm",73,951,,2
1215,"Stockholm",102,952,,2
1216,"Stockholm",129,953,,2
1217,"Stockholm",654,954,,2
1218,"Stockholm",589,955,,2
1219,"Stockholm",525,956,,2
1221,"Stockholm",33,958,,2
1222,"Stockholm",625,959,,2
1223,"Stockholm",180,960,,2
1224,"Stockholm",137,961,,2
1225,"Stockholm",45,962,,2
1226,"Stockholm",649,963,,2
1228,"Stockholm",138,965,,2
1229,"Stockholm",391,966,,2
1231,"Stockholm",655,968,,2
1232,"Stockholm",11,969,,2
1235,"Stockholm",656,972,,2
1236,"Stockholm",16,973,,2
1238,"Stockholm",145,975,,2
1239,"Stockholm",29,976,,2
1240,"Stockholm",67,977,,2
1242,"Stockholm",628,979,,2
1243,"Stockholm",30,980,,2
1245,"Stockholm",91,982,,2
1246,"Stockholm",107,983,,2
1247,"Stockholm",1,984,,2
1248,"Stockholm",657,985,,2
1249,"Stockholm",549,986,,2
1250,"Stockholm",58,987,,2
1251,"Stockholm",659,988,,2
1252,"Stockholm",25,989,,2
1253,"Stockholm",80,990,,2
1254,"Stockholm",660,991,,2
1255,"Stockholm",26,992,,2
1256,"Stockholm",227,993,,2
1257,"Stockholm",44,994,,2
1258,"Stockholm",653,995,,2
1259,"Stockholm",37,996,,2
1260,"Stockholm",567,997,,2
2313,"Stockholm",937,1661,,2
1261,"Stockholm",661,998,,2
1262,"Stockholm",203,999,,2
1263,"Stockholm",219,1000,,2
1264,"Stockholm",662,1001,,2
1265,"Stockholm",658,1002,,2
1267,"Stockholm",125,1004,,2
1268,"Stockholm",663,1005,,2
1269,"Stockholm",651,1006,,2
1270,"Stockholm",652,1007,,2
1272,"Stockholm",66,1009,,2
1273,"Stockholm",584,1010,,2
1275,"Stockholm",70,1012,,2
1276,"Stockholm",664,1013,,2
1277,"Stockholm",665,1014,,2
1278,"Stockholm",666,1015,,2
1279,"Stockholm",147,1016,,2
1280,"Stockholm",122,1017,,2
1281,"Stockholm",61,1018,,2
1282,"Stockholm",27,1019,,2
1283,"Stockholm",667,1020,,2
1284,"Stockholm",95,1021,,2
1285,"Stockholm",668,1022,,2
1286,"Stockholm",669,1023,,2
1287,"Stockholm",670,1024,,2
1288,"Stockholm",42,1025,,2
1289,"Stockholm",671,1026,,2
1290,"Stockholm",613,1027,,2
1291,"Stockholm",598,1028,,2
1292,"Stockholm",116,1029,,2
1294,"Stockholm",631,1031,,2
1296,"Stockholm",571,1033,,2
1297,"Stockholm",552,1034,,2
1298,"Stockholm",602,1035,,2
1299,"Stockholm",603,1036,,2
1300,"Stockholm",100,1037,,2
1301,"Stockholm",559,1038,,2
1302,"Stockholm",72,1039,,2
1303,"Stockholm",572,1040,,2
1305,"Stockholm",672,1042,,2
1306,"Stockholm",586,1043,,2
1307,"Stockholm",196,1044,,2
1309,"Stockholm",674,1046,,2
1310,"Stockholm",675,1047,,2
1314,"Stockholm",677,1051,,2
1315,"Stockholm",679,1052,,2
1316,"Stockholm",680,1053,,2
1317,"Stockholm",681,1054,,2
1318,"Stockholm",575,1055,,2
1319,"Stockholm",149,1056,,2
1320,"Stockholm",150,1057,,2
1321,"Stockholm",641,1058,,2
1324,"Stockholm",53,1061,,2
1326,"Stockholm",685,1063,,2
1327,"Stockholm",647,1064,,2
1329,"Stockholm",638,1066,,2
1330,"Stockholm",21,1067,,2
1331,"Stockholm",97,1068,,2
1333,"Stockholm",121,1070,,2
1334,"Stockholm",673,1071,,2
1335,"Stockholm",676,1072,,2
1337,"Stockholm",684,1074,,2
1338,"Stockholm",228,1075,,2
1339,"Stockholm",48,1076,,2
1340,"Stockholm",615,1077,,2
1342,"Stockholm",6,1079,,2
1343,"Stockholm",171,1080,,2
1344,"Stockholm",551,1081,,2
1345,"Stockholm",678,1082,,2
1346,"Stockholm",686,1083,,2
1347,"Stockholm",193,1084,,2
1348,"Stockholm",687,1085,,2
1349,"Stockholm",185,1086,,2
1350,"Stockholm",688,1087,,2
1351,"Stockholm",205,1088,,2
1352,"Stockholm",689,1089,,2
1353,"Stockholm",52,1090,,2
1357,"Stockholm",3,1094,,2
1358,"Stockholm",696,1095,,2
1359,"Stockholm",695,1096,,2
1360,"Stockholm",690,1097,,2
1361,"Stockholm",691,1098,,2
1362,"Stockholm",692,1099,,2
2315,"Stockholm",16,1663,,2
2316,"Stockholm",22,1664,,2
2317,"Stockholm",145,1665,,2
1363,"Stockholm",620,1100,,2
1364,"Stockholm",693,1101,,2
1365,"Stockholm",34,1102,,2
1366,"Stockholm",528,1103,,2
1367,"Stockholm",694,1104,,2
1368,"Stockholm",692,1031,,1
1369,"Stockholm",641,1031,,1
1370,"Stockholm",691,1031,,1
1371,"Stockholm",676,937,,1
1372,"Stockholm",683,937,,1
1373,"Stockholm",684,937,,1
1374,"Stockholm",620,938,,1
1375,"Stockholm",228,972,,1
1376,"Stockholm",694,972,,1
1377,"Stockholm",673,1013,,1
1378,"Stockholm",519,1000,,1
1379,"Stockholm",21,1019,,1
1380,"Stockholm",639,979,,1
1381,"Stockholm",517,986,,1
1382,"Stockholm",561,986,,1
1383,"Stockholm",647,959,,1
1384,"Stockholm",638,959,,1
1385,"Stockholm",689,1024,,1
1386,"Stockholm",586,939,,1
1387,"Stockholm",680,1002,,1
1388,"Stockholm",675,991,,1
1389,"Stockholm",690,1040,,1
1390,"Stockholm",682,1027,,1
1391,"Stockholm",685,990,,1
1392,"Stockholm",681,977,,1
1393,"Stockholm",34,983,,1
1394,"Stockholm",205,1084,,1
1395,"Stockholm",196,1086,,1
1396,"Stockholm",674,1086,,1
1397,"Stockholm",535,1090,,1
1398,"Stockholm",536,1090,,1
1399,"Stockholm",693,1028,,1
1400,"Stockholm",678,1028,,1
1401,"Stockholm",677,1028,,1
1402,"Stockholm",686,954,,1
1403,"Stockholm",575,954,,1
1404,"Stockholm",53,954,,1
1407,"Stockholm",528,1018,,1
1408,"Stockholm",672,1026,,1
1409,"Stockholm",687,1026,,1
1410,"Stockholm",591,1029,,1
1411,"Stockholm",697,1105,,2
1412,"Stockholm",697,946,,1
1413,"Stockholm",519,1106,,2
1414,"Stockholm",591,1107,,2
1415,"Stockholm",639,1108,,2
1416,"Stockholm",4,1109,,2
1419,"Stockholm",516,1110,,2
1420,"Stockholm",56,1111,,2
1421,"Stockholm",123,1112,,2
1422,"Stockholm",698,1113,,2
1423,"Stockholm",122,1114,,2
1424,"Stockholm",589,1115,,2
1425,"Stockholm",135,1116,,2
1426,"Stockholm",180,1117,,2
1427,"Stockholm",699,1118,,2
1428,"Stockholm",69,1119,,2
1429,"Stockholm",138,1120,,2
1430,"Stockholm",54,1121,,2
1431,"Stockholm",7,1122,,2
1432,"Stockholm",70,1123,,2
1433,"Stockholm",249,1124,,2
1435,"Stockholm",100,1126,,2
1436,"Stockholm",22,1127,,2
1437,"Stockholm",52,1128,,2
1438,"Stockholm",90,1129,,2
1439,"Stockholm",116,1130,,2
1440,"Stockholm",145,1131,,2
1441,"Stockholm",29,1132,,2
1442,"Stockholm",2,1133,,2
1443,"Stockholm",700,1134,,2
1444,"Stockholm",615,1135,,2
1445,"Stockholm",701,1136,,2
1446,"Stockholm",91,1137,,2
1447,"Stockholm",72,1138,,2
1448,"Stockholm",702,1139,,2
1449,"Stockholm",703,1140,,2
1450,"Stockholm",244,1141,,2
1452,"Stockholm",166,1143,,2
1454,"Stockholm",159,1145,,2
1455,"Stockholm",704,1146,,2
1456,"Stockholm",705,1147,,2
1457,"Stockholm",706,1148,,2
1458,"Stockholm",14,1149,,2
1459,"Stockholm",76,1150,,2
1460,"Stockholm",562,1151,,2
1461,"Stockholm",707,1152,,2
1462,"Stockholm",44,1153,,2
1463,"Stockholm",634,1154,,2
1464,"Stockholm",635,1155,,2
1465,"Stockholm",75,1156,,2
1466,"Stockholm",165,1157,,2
1467,"Stockholm",155,1158,,2
1468,"Stockholm",164,1159,,2
1469,"Stockholm",708,1160,,2
1470,"Stockholm",252,1161,,2
1471,"Stockholm",126,1162,,2
1472,"Stockholm",34,1163,,2
1473,"Stockholm",656,1164,,2
1474,"Stockholm",175,1165,,2
1475,"Stockholm",614,1166,,2
1476,"Stockholm",709,1167,,2
1478,"Stockholm",636,1169,,2
1479,"Stockholm",710,1170,,2
1480,"Stockholm",637,1171,,2
1481,"Stockholm",608,1172,,2
1482,"Stockholm",21,1173,,2
1484,"Stockholm",711,1175,,2
1485,"Stockholm",209,1176,,2
1486,"Stockholm",712,1177,,2
1487,"Stockholm",713,1178,,2
1488,"Stockholm",714,1179,,2
1489,"Stockholm",715,1180,,2
1490,"Stockholm",716,1181,,2
1491,"Stockholm",717,1182,,2
1492,"Stockholm",53,1183,,2
1493,"Stockholm",718,1184,,2
1494,"Stockholm",598,1185,,2
1498,"Stockholm",719,1189,,2
1499,"Stockholm",178,1190,,2
1500,"Stockholm",655,1191,,2
1503,"Stockholm",678,1194,,2
1505,"Stockholm",720,1196,,2
1506,"Stockholm",721,1197,,2
1507,"Stockholm",575,1198,,2
1508,"Stockholm",632,1199,,2
1509,"Stockholm",608,1141,,1
1510,"Stockholm",136,1116,,1
1511,"Stockholm",21,1116,,1
1512,"Stockholm",55,1130,,1
1513,"Stockholm",720,1130,,1
1514,"Stockholm",721,1151,,1
1515,"Stockholm",110,1150,,1
1516,"Stockholm",722,1200,,2
1517,"Stockholm",722,1154,,1
1518,"Stockholm",644,1199,,1
1520,"Stockholm",575,1183,,1
1521,"Stockholm",535,1128,,1
1522,"Stockholm",536,1128,,1
1523,"Stockholm",717,1146,,1
1524,"Stockholm",614,1121,,1
1525,"Stockholm",719,1185,,1
1526,"Stockholm",644,1202,,2
1535,"Stockholm",562,1209,"Skeppare",2
1543,"Stockholm",733,1217,"Skeppare",2
2318,"Stockholm",211,1666,,2
2319,"Stockholm",29,1667,,2
2320,"Stockholm",67,1668,,2
2321,"Stockholm",594,1669,,2
2322,"Stockholm",860,1670,,2
2629,"Stockholm",764,1778,,1
2630,"Stockholm",817,1778,,1
2631,"Stockholm",179,1778,,1
2632,"Stockholm",21,1818,,1
2633,"Stockholm",95,1834,,2
2634,"Stockholm",121,1834,,1
2635,"Stockholm",964,1793,,1
2636,"Stockholm",1022,1810,,1
2637,"Stockholm",1023,1810,,1
2638,"Stockholm",726,1825,,1
2639,"Stockholm",1026,1827,,1
2640,"Stockholm",1027,1827,,1
2641,"Stockholm",1028,1797,,1
2642,"Stockholm",1029,1797,,1
2643,"Stockholm",1030,1798,,1
2644,"Stockholm",1031,1798,,1
2645,"Stockholm",934,1800,,1
2646,"Stockholm",969,1800,,1
2647,"Stockholm",970,1800,,1
2648,"Stockholm",1032,1819,,1
2649,"Stockholm",1033,1819,,1
2650,"Stockholm",1034,1819,,1
2651,"Stockholm",1035,1819,,1
2652,"Stockholm",754,1835,,2
2653,"Stockholm",760,1835,,1
2654,"Stockholm",767,1835,,1
2655,"Stockholm",786,1835,,1
2656,"Stockholm",948,1835,,1
2657,"Stockholm",54,1836,,2
2658,"Stockholm",,,,1
2659,"Stockholm",1019,,,1
2660,"Stockholm",933,1792,,1
2661,"Stockholm",1020,1792,,1
2662,"Stockholm",660,1837,,2
2663,"Stockholm",968,1837,,1
2664,"Stockholm",674,1814,,1
2665,"Stockholm",1021,1814,,1
2666,"Stockholm",953,1807,,1
2667,"Stockholm",954,1807,,1
2669,"Stockholm",1019,1803,,1
2670,"Stockholm",29,1838,,2
2671,"Stockholm",166,1839,,2
2672,"Stockholm",1036,1827,,1
2673,"Stockholm",205,1840,,2
2674,"Stockholm",193,1840,,1
2675,"Stockholm",956,1807,,1
2676,"Stockholm",67,1841,,2
2677,"Stockholm",973,1842,,2
2678,"Stockholm",525,1843,,2
2679,"Stockholm",816,1844,,2
2680,"Stockholm",101,1845,,2
2681,"Stockholm",1037,1846,,2
2682,"Stockholm",867,1847,,2
2684,"Stockholm",800,1849,,2
2685,"Stockholm",889,1850,,2
2686,"Stockholm",675,1837,,1
2687,"Stockholm",3,1851,,2
2688,"Stockholm",845,1852,,2
2689,"Stockholm",1038,1852,,1
2690,"Stockholm",1039,1853,,2
2691,"Stockholm",1040,1781,,1
2692,"Stockholm",1041,1781,,1
2693,"Stockholm",45,1854,,2
2694,"Stockholm",777,1835,,1
2695,"Stockholm",961,1848,,1
2696,"Stockholm",1001,1855,,2
2697,"Stockholm",1042,1816,,1
2698,"Stockholm",936,1856,,2
2699,"Stockholm",961,1856,,1
2700,"Stockholm",1043,1816,,1
2701,"Stockholm",56,1857,,2
2702,"Stockholm",1051,1858,,2
2703,"Stockholm",1044,1859,,2
2704,"Stockholm",1050,1860,,2
2705,"Stockholm",126,1861,,2
2706,"Stockholm",987,1862,,2
2708,"Stockholm",974,1864,,2
2709,"Stockholm",1047,1865,,2
2710,"Stockholm",1045,1866,,2
2711,"Stockholm",135,1867,,2
2712,"Stockholm",924,1868,,2
2713,"Stockholm",1004,1869,,2
2714,"Stockholm",54,1870,,2
2715,"Stockholm",7,1871,,2
2716,"Stockholm",1048,1872,,2
2717,"Stockholm",249,1873,,2
2718,"Stockholm",142,1874,,2
2719,"Stockholm",22,1875,,2
2720,"Stockholm",52,1876,,2
2721,"Stockholm",656,1877,,2
2722,"Stockholm",29,1878,,2
2723,"Stockholm",889,1879,,2
2724,"Stockholm",435,1880,,2
2725,"Stockholm",72,1881,,2
2726,"Stockholm",244,1882,,2
2727,"Stockholm",151,1883,,2
2728,"Stockholm",754,1884,,2
2729,"Stockholm",166,1885,,2
2730,"Stockholm",840,1886,,2
2731,"Stockholm",1046,1887,,2
2732,"Stockholm",472,1888,,2
2733,"Stockholm",475,1889,,2
2734,"Stockholm",1012,1890,,2
2735,"Stockholm",706,1891,,2
2736,"Stockholm",14,1892,,2
2737,"Stockholm",1000,1893,,2
2738,"Stockholm",759,1894,,2
2740,"Stockholm",806,1896,,2
2741,"Stockholm",37,1897,,2
2742,"Stockholm",53,1898,,2
2743,"Stockholm",160,1899,,2
2744,"Stockholm",1052,1858,,1
2745,"Stockholm",1056,1858,,1
2746,"Stockholm",1057,1858,,1
2747,"Stockholm",1062,1862,,1
2748,"Stockholm",1032,1863,,1
2749,"Stockholm",1033,1863,,1
2750,"Stockholm",1034,1863,,1
2751,"Stockholm",1060,1865,,1
2752,"Stockholm",136,1867,,1
2753,"Stockholm",981,1867,,1
2754,"Stockholm",21,1867,,1
2755,"Stockholm",673,1868,,1
2756,"Stockholm",614,1870,,1
2757,"Stockholm",1053,1876,,1
2758,"Stockholm",536,1876,,1
2759,"Stockholm",1054,1876,,1
2760,"Stockholm",805,1881,,1
2761,"Stockholm",1055,1881,,1
2762,"Stockholm",1058,1882,,1
2764,"Stockholm",912,1886,,1
2765,"Stockholm",1059,1886,,1
2766,"Stockholm",1018,1892,,1
2767,"Stockholm",899,1892,,1
2768,"Stockholm",723,1892,,1
2769,"Stockholm",824,1892,,1
2770,"Stockholm",1015,1893,,1
2771,"Stockholm",1061,1895,,1
2772,"Stockholm",762,1882,,1
2773,"Stockholm",829,1892,,1
2774,"Stockholm",846,1888,,1
2775,"Stockholm",4,1900,,2
2776,"Stockholm",591,1901,,2
2777,"Stockholm",205,1902,,2
2778,"Stockholm",800,1903,,2
2779,"Stockholm",900,1901,,1
2780,"Stockholm",1063,1872,,1
2781,"Stockholm",48,1872,,1
2782,"Stockholm",1064,1872,,1
2783,"Stockholm",954,1881,,1
2784,"Stockholm",1065,1884,,1
2785,"Stockholm",758,1894,,1
2786,"Stockholm",1010,1904,,2
2787,"Stockholm",1032,1904,,1
2788,"Stockholm",1033,1904,,1
2789,"Stockholm",1034,1904,,1
2790,"Stockholm",185,1905,,2
2791,"Stockholm",977,1906,,2
2792,"Stockholm",822,1907,,2
2793,"Stockholm",810,1908,,2
2794,"Stockholm",193,1902,,1
2795,"Stockholm",988,1906,,1
2796,"Stockholm",901,1884,,1
2797,"Stockholm",827,1898,,1
2798,"Stockholm",575,1898,,1
2799,"Stockholm",1066,1898,,1
2800,"Stockholm",1067,1898,,1
2801,"Stockholm",818,1908,,1
2802,"Stockholm",964,1900,,1
2803,"Stockholm",1006,1859,,1
2804,"Stockholm",1068,1877,,1
2805,"Stockholm",1069,1859,,1
2806,"Stockholm",694,1877,,1
2807,"Stockholm",1019,1859,,1
2809,"Stockholm",764,,,1
2810,"Stockholm",764,,,1
2811,"Stockholm",817,,,1
2812,"Stockholm",817,,,1
2813,"Stockholm",54,1910,,2
2819,"Stockholm",614,1910,,1
2821,"Stockholm",1000,1913,,2
2822,"Stockholm",56,1914,,2
2823,"Stockholm",1072,1915,,2
2824,"Stockholm",1071,1916,,2
2825,"Stockholm",976,1917,,2
2826,"Stockholm",916,1918,,2
2827,"Stockholm",742,1919,,2
2828,"Stockholm",244,1920,,2
2829,"Stockholm",1070,1921,,2
2831,"Stockholm",16,1923,,2
2832,"Stockholm",1074,1915,,1
2833,"Stockholm",1075,1915,,1
2834,"Stockholm",1076,1915,,1
2835,"Stockholm",1077,1915,,1
2836,"Stockholm",1073,1917,,1
2837,"Stockholm",1015,1913,,1
2838,"Stockholm",873,1919,,1
2839,"Stockholm",663,1924,,2
2840,"Stockholm",58,1925,,2
2841,"Stockholm",29,1926,,2
2842,"Stockholm",30,1927,,2
2843,"Stockholm",1078,1928,,2
2844,"Stockholm",1079,1929,,2
2846,"Stockholm",645,1931,,2
2847,"Stockholm",726,1927,,1
2848,"Stockholm",9,1932,,2
2849,"Stockholm",95,1933,,2
2850,"Stockholm",121,,,1
2851,"Stockholm",121,,,1
2852,"Stockholm",121,,,1
2853,"Stockholm",121,1933,,1
2854,"Stockholm",135,1934,,2
2855,"Stockholm",1082,1935,,2
2856,"Stockholm",1081,1936,,2
2857,"Stockholm",7,1937,,2
2858,"Stockholm",57,1938,,2
2859,"Stockholm",163,1939,,2
2860,"Stockholm",14,1940,,2
2861,"Stockholm",567,1941,,2
2862,"Stockholm",1083,1942,,2
2863,"Stockholm",1007,1943,,2
2864,"Stockholm",37,1944,,2
2865,"Stockholm",616,1945,,2
2866,"Stockholm",849,1946,,2
2867,"Stockholm",1080,1947,,2
2868,"Stockholm",1010,1948,,2
2869,"Stockholm",260,1949,,2
2870,"Stockholm",967,1950,,2
2871,"Stockholm",185,1951,,2
2872,"Stockholm",1084,1952,,2
2873,"Stockholm",549,1953,,2
2874,"Stockholm",656,1954,,2
2875,"Stockholm",2,1955,,2
2876,"Stockholm",1004,1956,,2
2877,"Stockholm",886,1957,,2
2878,"Stockholm",1012,1958,,2
2879,"Stockholm",634,1959,,2
2880,"Stockholm",45,1960,,2
2881,"Stockholm",562,1961,,2
2882,"Stockholm",76,1962,,2
2883,"Stockholm",274,1963,,2
2884,"Stockholm",160,1964,,2
2885,"Stockholm",591,1965,,2
2886,"Stockholm",1086,1945,,1
2887,"Stockholm",21,1946,,1
2888,"Stockholm",1087,1946,,1
2889,"Stockholm",1032,1948,,1
2890,"Stockholm",1033,1948,,1
2891,"Stockholm",1034,1948,,1
2892,"Stockholm",1035,1948,,1
2893,"Stockholm",927,1949,,1
2894,"Stockholm",928,1949,,1
2895,"Stockholm",878,1949,,1
2896,"Stockholm",929,1949,,1
2897,"Stockholm",1021,1951,,1
2898,"Stockholm",1089,1947,,1
2899,"Stockholm",1095,1947,,1
2900,"Stockholm",1088,1956,,1
2901,"Stockholm",762,1920,,1
2902,"Stockholm",934,1950,,1
2903,"Stockholm",969,1950,,1
2904,"Stockholm",970,1950,,1
2905,"Stockholm",517,1953,,1
2906,"Stockholm",561,1953,,1
2907,"Stockholm",1090,1938,,1
2908,"Stockholm",1092,1938,,1
2909,"Stockholm",6,1942,,1
2910,"Stockholm",110,1962,,1
2911,"Stockholm",1085,1961,,1
2912,"Stockholm",864,1961,,1
2913,"Stockholm",865,1961,,1
2914,"Stockholm",1091,1961,,1
2915,"Stockholm",721,1961,,1
2916,"Stockholm",944,1919,,1
2917,"Stockholm",1094,1959,,1
2918,"Stockholm",1093,1952,,1
2920,"Stockholm",1097,1967,,2
2921,"Stockholm",594,1968,,2
2922,"Stockholm",211,1969,,2
2923,"Stockholm",998,1970,,2
2925,"Stockholm",613,1972,,2
2926,"Stockholm",1096,1973,,2
2927,"Stockholm",72,1974,,2
2928,"Stockholm",674,1951,,1
2929,"Stockholm",1099,1921,,1
2930,"Stockholm",55,1965,,1
2931,"Stockholm",116,1965,,1
2932,"Stockholm",900,1965,,1
2933,"Stockholm",1100,1960,,1
2934,"Stockholm",1028,1956,,1
2935,"Stockholm",694,1954,,1
2936,"Stockholm",1103,1968,,1
2937,"Stockholm",1055,1974,,1
2938,"Stockholm",1018,1940,,1
2939,"Stockholm",899,1940,,1
2940,"Stockholm",1098,1940,,1
2941,"Stockholm",1101,1952,,1
2942,"Stockholm",1102,1952,,1
2943,"Stockholm",1104,1967,,1
2944,"Stockholm",566,1975,,2
2945,"Stockholm",1105,1970,,1
2946,"Stockholm",981,1934,,1
2947,"Stockholm",1041,1970,,1
2948,"Stockholm",1106,1924,,1
2950,"Stockholm",53,1976,,2
2951,"Stockholm",986,1976,,1
2952,"Stockholm",1109,1916,,1
2953,"Stockholm",823,1976,,1
2954,"Stockholm",1108,1976,,1
2955,"Stockholm",1107,1959,,1
2956,"Stockholm",1010,1977,,2
2957,"Stockholm",1071,1978,,2
2958,"Stockholm",2,1979,,2
2960,"Stockholm",1110,1978,,1
2961,"Stockholm",1111,1978,,1
2963,"Stockholm",1000,1981,,2
2964,"Stockholm",1015,,,1
2965,"Stockholm",1015,,,1
2966,"Stockholm",1015,,,1
2967,"Stockholm",1015,,,1
2968,"Stockholm",1015,,,1
2969,"Stockholm",1015,1981,,1
2971,"Stockholm",1112,1983,,2
2972,"Stockholm",45,1984,,2
2973,"Stockholm",166,1985,,2
2974,"Stockholm",69,1986,,2
2975,"Stockholm",56,1987,,2
2976,"Stockholm",37,1988,,2
2977,"Stockholm",1113,1989,,2
2978,"Stockholm",472,1990,,2
2979,"Stockholm",974,1991,,2
2980,"Stockholm",475,1992,,2
2981,"Stockholm",889,1993,,2
2982,"Stockholm",1116,1994,,2
2983,"Stockholm",1118,1995,,2
2984,"Stockholm",919,1996,,2
2985,"Stockholm",54,1997,,2
2986,"Stockholm",1115,1998,,2
2987,"Stockholm",249,1999,,2
2988,"Stockholm",1012,2000,,2
2989,"Stockholm",57,2001,,2
2990,"Stockholm",998,2002,,2
2991,"Stockholm",1004,2003,,2
2992,"Stockholm",53,2004,,2
2993,"Stockholm",274,2005,,2
2995,"Stockholm",164,2007,,2
2996,"Stockholm",1050,2008,,2
2997,"Stockholm",742,2009,,2
2998,"Stockholm",1071,2010,,2
2999,"Stockholm",4,2011,,2
3000,"Stockholm",867,2012,,2
3001,"Stockholm",656,2013,,2
3002,"Stockholm",244,2014,,2
3003,"Stockholm",160,2015,,2
3004,"Stockholm",1114,2016,,2
3005,"Stockholm",987,2017,,2
3006,"Stockholm",977,2018,,2
3007,"Stockholm",608,2019,,2
3008,"Stockholm",591,2020,,2
3009,"Stockholm",806,2021,,2
3010,"Stockholm",1010,2022,,2
3011,"Stockholm",110,2023,,2
3012,"Stockholm",1062,2017,,1
3013,"Stockholm",1119,2017,,1
3014,"Stockholm",1032,2022,,1
3015,"Stockholm",1126,2012,,1
3016,"Stockholm",566,2012,,1
3018,"Stockholm",1100,1984,,1
3019,"Stockholm",1120,1998,,1
3020,"Stockholm",1121,1998,,1
3021,"Stockholm",1125,1998,,1
3022,"Stockholm",614,1997,,1
3023,"Stockholm",1123,1983,,1
3024,"Stockholm",1105,2002,,1
3025,"Stockholm",1041,2002,,1
3026,"Stockholm",1122,2002,,1
3027,"Stockholm",762,2014,,1
3028,"Stockholm",1090,2001,,1
3029,"Stockholm",556,2001,,1
3030,"Stockholm",986,2004,,1
3031,"Stockholm",1124,2004,,1
3032,"Stockholm",764,2007,,1
3033,"Stockholm",179,2007,,1
3034,"Stockholm",817,2007,,1
3035,"Stockholm",747,2009,,1
3036,"Stockholm",30,2024,,2
3037,"Stockholm",35,2025,,2
3038,"Stockholm",76,2023,,1
3039,"Stockholm",726,2024,,1
3040,"Stockholm",1117,2026,,2
3041,"Stockholm",29,2027,,2
3042,"Stockholm",135,2028,,2
3043,"Stockholm",136,2028,,1
3044,"Stockholm",21,2028,,1
3045,"Stockholm",1127,2029,,2
3046,"Stockholm",900,2020,,1
3047,"Stockholm",964,2011,,1
3048,"Stockholm",1131,2025,,1
3049,"Stockholm",1028,2003,,1
3050,"Stockholm",1088,2003,,1
3051,"Stockholm",1132,2003,,1
3052,"Stockholm",1128,1983,,1
3053,"Stockholm",1129,1983,,1
3054,"Stockholm",1130,1983,,1
3055,"Stockholm",668,2030,,2
3056,"Stockholm",1133,2016,,1
3057,"Stockholm",1134,2016,,1
3058,"Stockholm",1136,2016,,1
3059,"Stockholm",1068,2013,,1
3060,"Stockholm",1135,1994,,1
3061,"Stockholm",1137,1994,,1
3062,"Stockholm",1139,2014,,1
3063,"Stockholm",654,2004,,1
3064,"Stockholm",1138,2019,,1
3065,"Stockholm",1140,2019,,1
3066,"Stockholm",1140,2021,,1
3067,"Stockholm",1138,2021,,1
3068,"Stockholm",1081,2031,,2
3069,"Stockholm",920,2032,,2
3070,"Stockholm",1004,2033,,2
3071,"Stockholm",1142,2034,,2
3072,"Stockholm",588,2035,,2
3073,"Stockholm",1079,2036,,2
3074,"Stockholm",1144,2037,,2
3076,"Stockholm",56,2039,,2
3077,"Stockholm",7,2040,,2
3078,"Stockholm",69,2041,,2
3080,"Stockholm",1012,2042,,2
3081,"Stockholm",57,2043,,2
3082,"Stockholm",95,2044,,2
3083,"Stockholm",889,2045,,2
3084,"Stockholm",54,2046,,2
3085,"Stockholm",663,2047,,2
3086,"Stockholm",135,2048,,2
3087,"Stockholm",1143,2049,,2
3088,"Stockholm",849,2050,,2
3089,"Stockholm",164,2051,,2
3090,"Stockholm",1145,2052,,2
3091,"Stockholm",654,2053,,2
3092,"Stockholm",16,2054,,2
3093,"Stockholm",37,2055,,2
3094,"Stockholm",1011,2056,,2
3095,"Stockholm",58,2057,,2
3096,"Stockholm",29,2058,,2
3097,"Stockholm",1133,2037,,1
3098,"Stockholm",1154,2031,,1
3099,"Stockholm",1155,2031,,1
3100,"Stockholm",21,2050,,1
3101,"Stockholm",1146,2049,,1
3102,"Stockholm",1147,2049,,1
3103,"Stockholm",1152,2049,,1
3104,"Stockholm",1151,2035,,1
3105,"Stockholm",1148,2056,,1
3106,"Stockholm",1149,2056,,1
3107,"Stockholm",1150,2056,,1
3108,"Stockholm",1092,2043,,1
3110,"Stockholm",179,2051,,1
3111,"Stockholm",817,2051,,1
3112,"Stockholm",1153,2055,,1
3113,"Stockholm",1156,2059,,2
3114,"Stockholm",944,2060,,2
3116,"Stockholm",998,2062,,2
3117,"Stockholm",110,2063,,2
3118,"Stockholm",211,2064,,2
3119,"Stockholm",45,2065,,2
3121,"Stockholm",160,2067,,2
3122,"Stockholm",475,2068,,2
3123,"Stockholm",4,2069,,2
3125,"Stockholm",1157,2071,,2
3126,"Stockholm",549,2072,,2
3127,"Stockholm",591,2073,,2
3128,"Stockholm",964,2069,,1
3129,"Stockholm",823,2053,,1
3130,"Stockholm",1162,2053,,1
3131,"Stockholm",53,2053,,1
3132,"Stockholm",121,2044,,1
3138,"Stockholm",900,2073,,1
3139,"Stockholm",614,2046,,1
3140,"Stockholm",1041,2062,,1
3141,"Stockholm",517,2072,,1
3142,"Stockholm",561,2072,,1
3143,"Stockholm",1160,2060,,1
3144,"Stockholm",742,2060,,1
3145,"Stockholm",1159,2034,,1
3146,"Stockholm",23,2067,,1
3147,"Stockholm",1163,2071,,1
3148,"Stockholm",76,2063,,1
3149,"Stockholm",1158,2074,,2
3150,"Stockholm",613,2074,,1
3151,"Stockholm",1010,2075,,2
3152,"Stockholm",1032,,,1
3153,"Stockholm",1033,,,1
3154,"Stockholm",1032,,,1
3155,"Stockholm",1032,,,1
3156,"Stockholm",1033,,,1
3157,"Stockholm",1032,2075,,1
3158,"Stockholm",1033,2075,,1
3159,"Stockholm",1034,2075,,1
3160,"Stockholm",1164,2075,,1
3161,"Stockholm",1035,2075,,1
3162,"Stockholm",1161,2075,,1
3163,"Stockholm",873,2060,,1
3164,"Stockholm",166,2076,,2
3165,"Stockholm",1165,2037,,1
3166,"Stockholm",645,2077,,2
3167,"Stockholm",1166,2077,,1
3168,"Stockholm",981,2048,,1
3169,"Stockholm",1169,2060,,1
3170,"Stockholm",1171,2032,,1
3171,"Stockholm",1174,2047,,1
3172,"Stockholm",1176,2047,,1
3173,"Stockholm",1088,2033,,1
3174,"Stockholm",1132,2033,,1
3175,"Stockholm",1167,2059,,1
3176,"Stockholm",1168,2059,,1
3177,"Stockholm",1173,2059,,1
3178,"Stockholm",566,2078,,2
3179,"Stockholm",1172,2059,,1
3180,"Stockholm",53,2079,,2
3181,"Stockholm",472,2080,,2
3183,"Stockholm",974,2081,,2
3184,"Stockholm",29,2082,,2
3185,"Stockholm",160,2083,,2
3186,"Stockholm",1177,2084,,2
3187,"Stockholm",56,2085,,2
3188,"Stockholm",916,2086,,2
3189,"Stockholm",663,2087,,2
3190,"Stockholm",889,2088,,2
3191,"Stockholm",1144,2089,,2
3192,"Stockholm",1158,2090,,2
3193,"Stockholm",249,2091,,2
3194,"Stockholm",1180,2092,,2
3195,"Stockholm",244,2093,,2
3196,"Stockholm",634,2094,,2
3197,"Stockholm",166,2095,,2
3199,"Stockholm",1071,2096,,2
3200,"Stockholm",173,2097,,2
3201,"Stockholm",1010,2098,,2
3202,"Stockholm",57,2099,,2
3203,"Stockholm",151,2100,,2
3204,"Stockholm",164,2101,,2
3205,"Stockholm",591,2102,,2
3206,"Stockholm",1178,2103,,2
3207,"Stockholm",840,2104,,2
3208,"Stockholm",944,2105,,2
3209,"Stockholm",1179,2106,,2
3210,"Stockholm",35,2107,,2
3211,"Stockholm",4,2108,,2
3212,"Stockholm",977,2109,,2
3213,"Stockholm",205,2110,,2
3214,"Stockholm",964,2108,,1
3216,"Stockholm",1184,2098,,1
3217,"Stockholm",1189,2098,,1
3218,"Stockholm",1032,2098,,1
3219,"Stockholm",900,2102,,1
3220,"Stockholm",1182,2103,,1
3221,"Stockholm",1183,2103,,1
3222,"Stockholm",1191,2109,,1
3223,"Stockholm",762,2093,,1
3224,"Stockholm",1186,2093,,1
3225,"Stockholm",825,2093,,1
3226,"Stockholm",1181,2104,,1
3227,"Stockholm",1188,2104,,1
3229,"Stockholm",1193,2099,,1
3230,"Stockholm",742,2105,,1
3231,"Stockholm",986,2079,,1
3233,"Stockholm",135,2079,,1
3234,"Stockholm",136,2079,,1
3235,"Stockholm",846,2080,,1
3236,"Stockholm",23,2083,,1
3237,"Stockholm",1133,2089,,1
3238,"Stockholm",1187,2089,,1
3239,"Stockholm",1190,2089,,1
3240,"Stockholm",764,2101,,1
3241,"Stockholm",179,2101,,1
3242,"Stockholm",613,2090,,1
3243,"Stockholm",1185,2090,,1
3244,"Stockholm",1195,2091,,1
3245,"Stockholm",1194,2096,,1
3246,"Stockholm",873,2105,,1
3247,"Stockholm",708,2111,,2
3248,"Stockholm",1198,2096,,1
3249,"Stockholm",1169,2105,,1
3250,"Stockholm",1197,2112,,2
3251,"Stockholm",645,2113,,2
3252,"Stockholm",1131,2107,,1
3253,"Stockholm",1158,2114,,2
3254,"Stockholm",594,2115,,2
3255,"Stockholm",1177,2116,,2
3256,"Stockholm",164,2117,,2
3257,"Stockholm",1199,2118,,2
3258,"Stockholm",1200,2119,,2
3259,"Stockholm",1081,2120,,2
3260,"Stockholm",916,2121,,2
3261,"Stockholm",840,2122,,2
3262,"Stockholm",29,2123,,2
3263,"Stockholm",1201,2124,,2
3264,"Stockholm",1114,2125,,2
3265,"Stockholm",37,2126,,2
3266,"Stockholm",889,2127,,2
3267,"Stockholm",1011,2128,,2
3268,"Stockholm",22,2129,,2
3269,"Stockholm",135,2130,,2
3270,"Stockholm",1027,2131,,2
3271,"Stockholm",2,2132,,2
3272,"Stockholm",1144,2133,,2
3273,"Stockholm",53,2134,,2
3274,"Stockholm",1010,2135,,2
3275,"Stockholm",16,2136,,2
3276,"Stockholm",244,2137,,2
3277,"Stockholm",1145,2138,,2
3278,"Stockholm",57,2139,,2
3279,"Stockholm",944,2140,,2
3280,"Stockholm",663,2141,,2
3281,"Stockholm",967,2142,,2
3282,"Stockholm",160,2143,,2
3283,"Stockholm",76,2144,,2
3284,"Stockholm",95,2145,,2
3285,"Stockholm",219,2146,,2
3286,"Stockholm",4,2147,,2
3287,"Stockholm",1202,2148,,2
3288,"Stockholm",274,2149,,2
3289,"Stockholm",1203,2150,,2
3290,"Stockholm",61,2151,,2
3291,"Stockholm",800,2152,,2
3292,"Stockholm",976,2153,,2
3293,"Stockholm",72,2154,,2
3294,"Stockholm",1189,2135,,1
3295,"Stockholm",1032,2135,,1
3296,"Stockholm",1033,2135,,1
3297,"Stockholm",1034,2135,,1
3298,"Stockholm",1148,2128,,1
3299,"Stockholm",1149,2128,,1
3300,"Stockholm",1150,2128,,1
3301,"Stockholm",981,2130,,1
3302,"Stockholm",1205,2151,,1
3303,"Stockholm",61,2151,,1
3304,"Stockholm",1206,2151,,1
3305,"Stockholm",1207,2124,,1
3306,"Stockholm",1209,2124,,1
3307,"Stockholm",1208,2124,,1
3309,"Stockholm",1211,2141,,1
3310,"Stockholm",1212,2141,,1
3311,"Stockholm",1174,2141,,1
3312,"Stockholm",1213,2141,,1
3313,"Stockholm",1176,2141,,1
3314,"Stockholm",805,2154,,1
3315,"Stockholm",762,2137,,1
3316,"Stockholm",1139,2137,,1
3317,"Stockholm",1058,2137,,1
3318,"Stockholm",608,2137,,1
3319,"Stockholm",934,2142,,1
3320,"Stockholm",969,2142,,1
3321,"Stockholm",970,2142,,1
3322,"Stockholm",1181,2122,,1
3323,"Stockholm",912,2122,,1
3324,"Stockholm",1154,2120,,1
3325,"Stockholm",1155,2120,,1
3326,"Stockholm",1214,2120,,1
3327,"Stockholm",1215,2120,,1
3328,"Stockholm",1092,2139,,1
3329,"Stockholm",556,2139,,1
3330,"Stockholm",1175,2139,,1
3331,"Stockholm",1160,2140,,1
3332,"Stockholm",873,2140,,1
3333,"Stockholm",1217,2140,,1
3334,"Stockholm",986,2134,,1
3335,"Stockholm",827,2134,,1
3336,"Stockholm",164,2134,,1
3337,"Stockholm",1165,2133,,1
3338,"Stockholm",1218,2133,,1
3339,"Stockholm",110,2144,,1
3340,"Stockholm",1153,2126,,1
3341,"Stockholm",613,2114,,1
3342,"Stockholm",1177,2155,,2
3343,"Stockholm",1221,2156,,2
3344,"Stockholm",30,2157,,2
3345,"Stockholm",173,2158,,2
3346,"Stockholm",472,2159,,2
3347,"Stockholm",475,2160,,2
3348,"Stockholm",889,2161,,2
3349,"Stockholm",1071,2162,,2
3350,"Stockholm",1220,2163,,2
3351,"Stockholm",849,2164,,2
3352,"Stockholm",135,2165,,2
3353,"Stockholm",22,2166,,2
3354,"Stockholm",974,2167,,2
3355,"Stockholm",1224,2168,,2
3356,"Stockholm",992,2169,,2
3357,"Stockholm",249,2170,,2
3358,"Stockholm",164,2171,,2
3359,"Stockholm",1114,2172,,2
3360,"Stockholm",1202,2173,,2
3361,"Stockholm",1010,2174,,2
3362,"Stockholm",1222,2175,,2
3363,"Stockholm",69,2176,,2
3364,"Stockholm",576,2177,,2
3365,"Stockholm",1219,2178,,2
3366,"Stockholm",924,2179,,2
3367,"Stockholm",656,2180,,2
3368,"Stockholm",274,2181,,2
3369,"Stockholm",1011,2182,,2
3370,"Stockholm",769,2183,,2
3371,"Stockholm",1027,2184,,2
3372,"Stockholm",1223,2185,,2
3373,"Stockholm",916,2186,,2
3374,"Stockholm",1228,2170,,1
3375,"Stockholm",1148,2182,,1
3376,"Stockholm",1149,2182,,1
3377,"Stockholm",1150,2182,,1
3378,"Stockholm",846,2159,,1
3379,"Stockholm",1226,2178,,1
3380,"Stockholm",1227,2178,,1
3381,"Stockholm",1189,2174,,1
3382,"Stockholm",1032,2174,,1
3383,"Stockholm",1033,2174,,1
3384,"Stockholm",1034,2174,,1
3385,"Stockholm",57,2187,,2
3386,"Stockholm",556,2187,,1
3387,"Stockholm",1175,2187,,1
3389,"Stockholm",179,2171,,1
3390,"Stockholm",817,2171,,1
3391,"Stockholm",1225,2169,,1
3392,"Stockholm",136,2165,,1
3393,"Stockholm",1133,2172,,1
3394,"Stockholm",1229,2162,,1
3395,"Stockholm",1230,2188,,2
3396,"Stockholm",1231,2188,,1
3397,"Stockholm",1232,2188,,1
3398,"Stockholm",608,2185,,1
3399,"Stockholm",1111,2162,,1
3400,"Stockholm",1234,2162,,1
3402,"Stockholm",800,2189,,2
3403,"Stockholm",54,2190,,2
3404,"Stockholm",663,2191,,2
3405,"Stockholm",4,2192,,2
3406,"Stockholm",964,2192,,1
3407,"Stockholm",977,2193,,2
3408,"Stockholm",1235,2156,,1
3409,"Stockholm",205,2194,,2
3410,"Stockholm",193,2194,,1
3411,"Stockholm",1164,2174,,1
3412,"Stockholm",1238,2184,,1
3413,"Stockholm",1026,2184,,1
3414,"Stockholm",1236,2193,,1
3415,"Stockholm",1191,2193,,1
3416,"Stockholm",944,2195,,2
3417,"Stockholm",1237,2195,,1
3418,"Stockholm",1158,2196,,2
3419,"Stockholm",1239,2162,,1
3420,"Stockholm",1233,2162,,1
3422,"Stockholm",53,2198,,2
3423,"Stockholm",1115,2199,,2
3424,"Stockholm",1177,2200,,2
3425,"Stockholm",920,2201,,2
3426,"Stockholm",916,2202,,2
3427,"Stockholm",56,2203,,2
3428,"Stockholm",1199,2204,,2
3429,"Stockholm",1240,2205,,2
3430,"Stockholm",889,2206,,2
3432,"Stockholm",1243,2208,,2
3433,"Stockholm",1242,2209,,2
3434,"Stockholm",840,2210,,2
3435,"Stockholm",1241,2211,,2
3436,"Stockholm",16,2212,,2
3437,"Stockholm",967,2213,,2
3438,"Stockholm",594,2214,,2
3439,"Stockholm",1144,2215,,2
3441,"Stockholm",1010,2216,,2
3442,"Stockholm",1189,,,1
3443,"Stockholm",1189,,,1
3446,"Stockholm",1034,2216,,1
3448,"Stockholm",1035,2216,,1
3449,"Stockholm",1244,2211,,1
3450,"Stockholm",1121,2199,,1
3451,"Stockholm",1125,2199,,1
3452,"Stockholm",1245,2197,,1
3453,"Stockholm",934,2213,,1
3454,"Stockholm",969,2213,,1
3455,"Stockholm",970,2213,,1
3456,"Stockholm",1181,2210,,1
3457,"Stockholm",912,2210,,1
3459,"Stockholm",965,2201,,1
3460,"Stockholm",1248,2201,,1
3461,"Stockholm",1249,2201,,1
3463,"Stockholm",1246,2209,,1
3464,"Stockholm",1247,2209,,1
3466,"Stockholm",244,2217,,2
3467,"Stockholm",1245,2217,,1
3468,"Stockholm",274,2218,,2
3469,"Stockholm",1145,2219,,2
3470,"Stockholm",1250,2220,,2
3471,"Stockholm",849,2221,,2
3472,"Stockholm",1071,2222,,2
3473,"Stockholm",924,2223,,2
3475,"Stockholm",1251,2225,,2
3476,"Stockholm",29,2226,,2
3477,"Stockholm",1252,2227,,2
3478,"Stockholm",30,2228,,2
3479,"Stockholm",663,2229,,2
3480,"Stockholm",1221,2230,,2
3481,"Stockholm",72,2231,,2
3482,"Stockholm",1081,2232,,2
3483,"Stockholm",475,2233,,2
3484,"Stockholm",1259,2234,,2
3485,"Stockholm",80,2235,,2
3486,"Stockholm",742,2236,,2
3487,"Stockholm",164,2237,,2
3488,"Stockholm",179,2237,,1
3489,"Stockholm",135,2237,,1
3490,"Stockholm",981,2237,,1
3491,"Stockholm",4,2238,,2
3492,"Stockholm",1219,2239,,2
3493,"Stockholm",1230,2240,,2
3494,"Stockholm",1253,2241,,2
3495,"Stockholm",37,2242,,2
3496,"Stockholm",747,2236,,1
3498,"Stockholm",1227,2239,,1
3499,"Stockholm",1257,2220,,1
3500,"Stockholm",1232,2240,,1
3501,"Stockholm",1231,2240,,1
3502,"Stockholm",664,2223,,1
3503,"Stockholm",805,2231,,1
3504,"Stockholm",608,2217,,1
3505,"Stockholm",1256,2232,,1
3506,"Stockholm",1124,2198,,1
3507,"Stockholm",142,2234,,1
3508,"Stockholm",1255,2215,,1
3509,"Stockholm",1258,2215,,1
3510,"Stockholm",1153,2242,,1
3511,"Stockholm",1154,2232,,1
3512,"Stockholm",1260,2209,,1
3513,"Stockholm",1261,2209,,1
3514,"Stockholm",76,2243,,2
3515,"Stockholm",1262,2225,,1
3516,"Stockholm",1263,2216,,1
3517,"Stockholm",95,2244,,2
3518,"Stockholm",1265,2201,,1
3519,"Stockholm",1264,2198,,1
3520,"Stockholm",1267,2198,,1
3521,"Stockholm",827,2198,,1
3522,"Stockholm",1103,2214,,1
3523,"Stockholm",1266,2214,,1
3524,"Stockholm",762,2217,,1
3525,"Stockholm",1268,2227,,1
3526,"Stockholm",916,2245,,2
3527,"Stockholm",1177,2246,,2
3528,"Stockholm",56,2247,,2
3529,"Stockholm",30,2248,,2
3530,"Stockholm",37,2249,,2
3531,"Stockholm",1027,2250,,2
3532,"Stockholm",1269,2251,,2
3533,"Stockholm",69,2252,,2
3534,"Stockholm",2,2253,,2
3535,"Stockholm",173,2254,,2
3536,"Stockholm",135,2255,,2
3537,"Stockholm",1270,2256,,2
3538,"Stockholm",249,2257,,2
3539,"Stockholm",53,2258,,2
3540,"Stockholm",1240,2259,,2
3541,"Stockholm",1153,2249,,1
3542,"Stockholm",102,2259,,1
3543,"Stockholm",22,2260,,2
3544,"Stockholm",840,2261,,2
3545,"Stockholm",1230,2262,,2
3546,"Stockholm",889,2263,,2
3547,"Stockholm",4,2264,,2
3548,"Stockholm",1011,2265,,2
3549,"Stockholm",274,2266,,2
3550,"Stockholm",1121,2267,,2
3551,"Stockholm",1148,2265,,1
3552,"Stockholm",1149,2265,,1
3553,"Stockholm",1150,2265,,1
3554,"Stockholm",136,2255,,1
3555,"Stockholm",1231,2262,,1
3556,"Stockholm",1271,2262,,1
3557,"Stockholm",912,2261,,1
3558,"Stockholm",1059,2261,,1
3559,"Stockholm",823,2258,,1
3560,"Stockholm",164,2258,,1
3561,"Stockholm",179,2258,,1
3562,"Stockholm",29,2268,,2
3563,"Stockholm",594,2269,,2
3564,"Stockholm",35,2270,,2
3565,"Stockholm",1272,2271,,2
3566,"Stockholm",1256,2272,,2
3567,"Stockholm",1026,2250,,1
3568,"Stockholm",1131,2270,,1
3569,"Stockholm",964,2264,,1
3570,"Stockholm",1273,2250,,1
3571,"Stockholm",769,2273,,2
3572,"Stockholm",708,2274,,2
3573,"Stockholm",1239,2275,,2
3574,"Stockholm",1111,2275,,1
3575,"Stockholm",904,2269,,1
3576,"Stockholm",726,2248,,1
3577,"Stockholm",1275,2262,,1
3578,"Stockholm",1276,2248,,1
3579,"Stockholm",220,2276,,2
3580,"Stockholm",1221,2277,,2
3581,"Stockholm",2,2278,,2
3582,"Stockholm",1240,2279,,2
3583,"Stockholm",53,2280,,2
3584,"Stockholm",69,2281,,2
3585,"Stockholm",391,2282,,2
3586,"Stockholm",1256,2283,,2
3587,"Stockholm",16,2284,,2
3588,"Stockholm",594,2285,,2
3589,"Stockholm",244,2286,,2
3590,"Stockholm",30,2287,,2
3591,"Stockholm",889,2288,,2
3592,"Stockholm",1250,2289,,2
3593,"Stockholm",1253,2290,,2
3594,"Stockholm",1277,2291,,2
3595,"Stockholm",849,2292,,2
3596,"Stockholm",1011,2293,,2
3597,"Stockholm",934,2294,,2
3598,"Stockholm",1251,2295,,2
3599,"Stockholm",475,2296,,2
3600,"Stockholm",840,2297,,2
3601,"Stockholm",598,2298,,2
3602,"Stockholm",22,2299,,2
3603,"Stockholm",138,2300,,2
3604,"Stockholm",57,2301,,2
3606,"Stockholm",970,2294,,1
3607,"Stockholm",1257,2289,,1
3608,"Stockholm",1148,2293,,1
3609,"Stockholm",1149,2293,,1
3610,"Stockholm",1150,2293,,1
3611,"Stockholm",1181,2297,,1
3612,"Stockholm",1059,2297,,1
3613,"Stockholm",556,2301,,1
3615,"Stockholm",1279,2291,,1
3616,"Stockholm",1278,2291,,1
3617,"Stockholm",95,2302,,2
3618,"Stockholm",9,2303,,2
3619,"Stockholm",1111,2304,,2
3620,"Stockholm",1010,2305,,2
3621,"Stockholm",1282,2306,,2
3622,"Stockholm",37,2307,,2
3623,"Stockholm",1280,2308,,2
3624,"Stockholm",4,2309,,2
3625,"Stockholm",160,2310,,2
3626,"Stockholm",274,2311,,2
3627,"Stockholm",634,2312,,2
3628,"Stockholm",1281,2313,,2
3629,"Stockholm",164,2314,,2
3630,"Stockholm",102,2279,,1
3631,"Stockholm",179,2314,,1
3632,"Stockholm",1287,2314,,1
3633,"Stockholm",976,2315,,2
3634,"Stockholm",1252,2316,,2
3635,"Stockholm",185,2317,,2
3636,"Stockholm",1286,2294,,1
3637,"Stockholm",967,2294,,1
3639,"Stockholm",1032,2305,,1
3640,"Stockholm",1033,2305,,1
3641,"Stockholm",1034,2305,,1
3642,"Stockholm",1035,2305,,1
3643,"Stockholm",1283,2308,,1
3644,"Stockholm",1284,2308,,1
3645,"Stockholm",1285,2308,,1
3646,"Stockholm",1222,2300,,1
3648,"Stockholm",1058,2286,,1
3649,"Stockholm",1288,2280,,1
3650,"Stockholm",23,2310,,1
3651,"Stockholm",1239,2304,,1
3652,"Stockholm",1290,2312,,1
3653,"Stockholm",1177,2318,,2
3654,"Stockholm",1289,2285,,1
3655,"Stockholm",29,2319,,2
3656,"Stockholm",591,2320,,2
3657,"Stockholm",964,2309,,1
3658,"Stockholm",762,2286,,1
3659,"Stockholm",1139,2286,,1
3660,"Stockholm",823,2280,,1
3661,"Stockholm",1292,2280,,1
3662,"Stockholm",1293,2280,,1
3663,"Stockholm",663,2321,,2
3664,"Stockholm",1294,2300,,1
3665,"Stockholm",1262,2295,,1
3666,"Stockholm",72,2322,,2
3667,"Stockholm",1264,2316,,1
3668,"Stockholm",116,2320,,1
3669,"Stockholm",1154,2283,,1
3670,"Stockholm",1081,2283,,1
3671,"Stockholm",1296,2295,,1
3672,"Stockholm",1297,2280,,1
3673,"Stockholm",1291,2317,,1
3674,"Stockholm",650,2317,,1
3675,"Stockholm",974,2323,,2
3676,"Stockholm",1303,2324,,2
3677,"Stockholm",1177,2325,,2
3678,"Stockholm",1298,2326,,2
3679,"Stockholm",889,2327,,2
3680,"Stockholm",1302,2328,,2
3681,"Stockholm",1246,2329,,2
3682,"Stockholm",4,2330,,2
3683,"Stockholm",1288,2331,,2
3684,"Stockholm",164,2332,,2
3685,"Stockholm",1300,2333,,2
3687,"Stockholm",2,2334,,2
3688,"Stockholm",1240,2335,,2
3689,"Stockholm",663,2336,,2
3690,"Stockholm",249,2337,,2
3691,"Stockholm",967,2338,,2
3692,"Stockholm",591,2339,,2
3693,"Stockholm",22,2340,,2
3694,"Stockholm",1010,2341,,2
3695,"Stockholm",1299,2342,,2
3696,"Stockholm",274,2343,,2
3697,"Stockholm",1301,2344,,2
3698,"Stockholm",934,2338,,1
3699,"Stockholm",969,2338,,1
3700,"Stockholm",970,2338,,1
3701,"Stockholm",1304,2338,,1
3702,"Stockholm",57,2345,,2
3704,"Stockholm",556,2345,,1
3705,"Stockholm",1305,2331,,1
3706,"Stockholm",1306,2331,,1
3707,"Stockholm",1293,2331,,1
3708,"Stockholm",1307,2331,,1
3709,"Stockholm",1027,2346,,2
3710,"Stockholm",179,2332,,1
3711,"Stockholm",135,2332,,1
3712,"Stockholm",247,2332,,1
3713,"Stockholm",1308,2347,,2
3714,"Stockholm",53,2348,,2
3715,"Stockholm",1309,2349,,2
3716,"Stockholm",1310,,,1
3717,"Stockholm",1310,,,1
3718,"Stockholm",1310,2349,,1
3719,"Stockholm",1157,2350,,2
3720,"Stockholm",1163,2350,,1
3721,"Stockholm",800,2351,,2
3722,"Stockholm",827,2348,,1
3723,"Stockholm",1311,2348,,1
3724,"Stockholm",964,2330,,1
3725,"Stockholm",1026,2346,,1
3726,"Stockholm",900,2339,,1
3727,"Stockholm",1273,2346,,1
